gj000001	1109271.482	579996.786	-5.285
gj000002	1109269.507	579997.312	-5.288
gj000003	1109267.535	579998.018	-5.405
gj000004	1109265.602	579998.811	-5.39
gj000005	1109263.736	579999.586	-5.391
gj000006	1109261.894	580000.517	-5.412
gj000007	1109260.157	580001.641	-5.258
gj000008	1109258.446	580002.944	-5.258
gj000009	1109256.778	580004.341	-5.153
gj000010	1109255.212	580005.644	-5.09
gj000011	1109253.611	580006.989	-4.964
gj000012	1109251.959	580008.342	-4.823
gj000013	1109250.302	580009.719	-4.712
gj000014	1109248.587	580011.044	-4.41
gj000015	1109246.809	580012.282	-3.962
gj000016	1109244.94	580013.28	-3.624
gj000017	1109243.018	580014.05	-3.445
gj000018	1109241.08	580014.63	-3.324
gj000019	1109239.12	580015.046	-3.156
gj000020	1109237.113	580015.329	-2.98
gj000021	1109235.053	580015.509	-2.834
gj000022	1109232.96	580015.624	-2.815
gj000023	1109230.819	580015.669	-2.78
gj000024	1109228.641	580015.662	-2.724
gj000025	1109226.427	580015.624	-2.783
gj000026	1109224.218	580015.563	-2.719
gj000027	1109221.986	580015.517	-2.788
gj000028	1109219.766	580015.496	-2.742
gj000029	1109217.532	580015.496	-2.745
gj000030	1109215.301	580015.516	-2.76
gj000031	1109213.297	580015.536	-2.751
gj000032	1109211.295	580015.559	-2.727
gj000033	1109209.295	580015.617	-2.744
gj000034	1109207.29	580015.692	-2.744
gj000035	1109205.248	580015.764	-2.677
gj000036	1109203.176	580015.831	-2.685
gj000037	1109201.046	580015.877	-2.727
gj000038	1109198.885	580015.924	-2.738
gj000039	1109196.693	580016.006	-2.759
gj000040	1109194.479	580016.112	-2.779
gj000041	1109192.256	580016.241	-2.726
gj000042	1109190.02	580016.421	-2.665
gj000043	1109187.75	580016.634	-2.597
gj000044	1109185.486	580016.87	-2.579
gj000045	1109183.456	580017.018	-2.532
gj000046	1109181.376	580017.068	-2.556
gj000047	1109179.361	580016.867	-2.778
gj000048	1109177.192	580016.291	-3.051
gj000049	1109175.321	580015.404	-3.44
gj000050	1109173.697	580014.085	-4.341
gj000051	1109172.52	580012.386	-5.075
gj000052	1109171.91	580010.353	-5.409
gj000053	1109171.952	580008.278	-5.721
gj000054	1109172.569	580006.27	-5.912
gj000055	1109173.694	580004.403	-6.21
gj000056	1109175.11	580002.851	-6.369
gj000057	1109176.69	580001.612	-6.379
gj000058	1109178.512	580000.606	-6.414
gj000059	1109180.499	579999.878	-6.367
gj000060	1109182.607	579999.44	-6.362
gj000061	1109184.602	579999.288	-6.301
gj000062	1109186.707	579999.379	-6.234
gj000063	1109188.904	579999.72	-6.256
gj000064	1109190.942	580000.144	-6.224
gj000065	1109193.082	580000.656	-6.19
gj000066	1109195.302	580001.308	-6.166
gj000067	1109197.256	580001.987	-6.142
gj000068	1109199.247	580002.697	-6.083
gj000069	1109201.252	580003.366	-6.057
gj000070	1109203.303	580004.003	-5.985
gj000071	1109205.403	580004.639	-6.1
gj000072	1109207.537	580005.245	-6.055
gj000073	1109209.698	580005.81	-5.933
gj000074	1109211.893	580006.309	-5.683
gj000075	1109214.124	580006.765	-5.426
gj000076	1109216.381	580007.183	-5.379
gj000077	1109218.662	580007.547	-5.552
gj000078	1109220.966	580007.889	-5.41
gj000079	1109223.296	580008.189	-5.328
gj000080	1109225.632	580008.455	-5.284
gj000081	1109227.976	580008.656	-5.463
gj000082	1109230.319	580008.831	-5.521
gj000083	1109232.689	580008.976	-5.511
gj000084	1109235.069	580009.118	-5.27
gj000085	1109237.455	580009.241	-5.007
gj000086	1109239.852	580009.353	-5.053
gj000087	1109242.249	580009.442	-5.055
gj000088	1109244.644	580009.528	-4.93
gj000089	1109247.045	580009.593	-4.928
gj000090	1109249.051	580009.635	-4.866
gj000091	1109251.061	580009.677	-4.788
gj000092	1109253.067	580009.717	-4.773
gj000093	1109255.083	580009.748	-4.732
gj000094	1109257.094	580009.763	-4.615
gj000095	1109259.107	580009.78	-4.684
gj000096	1109261.116	580009.778	-4.604
gj000097	1109263.128	580009.778	-4.635
gj000098	1109265.149	580009.779	-4.485
gj000099	1109267.171	580009.774	-4.613
gj000100	1109269.186	580009.764	-4.693
gj000101	1109271.205	580009.748	-4.671
gj000102	1109273.232	580009.741	-4.525
gj000103	1109275.258	580009.728	-4.619
gj000104	1109277.28	580009.714	-4.576
gj000105	1109279.302	580009.693	-4.462
gj000106	1109281.33	580009.664	-4.435
gj000107	1109283.354	580009.632	-4.371
gj000108	1109285.374	580009.605	-4.662
gj000109	1109287.395	580009.588	-4.822
gj000110	1109289.418	580009.561	-4.644
gj000111	1109291.447	580009.535	-4.481
gj000112	1109293.473	580009.522	-4.191
gj000113	1109295.495	580009.505	-4.213
gj000114	1109297.523	580009.486	-4.26
gj000115	1109299.549	580009.47	-4.2
gj000116	1109301.577	580009.452	-4.139
gj000117	1109303.606	580009.436	-4.267
gj000118	1109305.637	580009.425	-4.285
gj000119	1109307.664	580009.424	-4.358
gj000120	1109309.697	580009.431	-4.304
gj000121	1109311.737	580009.451	-4.227
gj000122	1109313.772	580009.487	-4.249
gj000123	1109315.807	580009.52	-4.145
gj000124	1109317.837	580009.562	-4.146
gj000125	1109319.871	580009.595	-4.245
gj000126	1109321.896	580009.619	-4.456
gj000127	1109323.919	580009.642	-4.464
gj000128	1109325.934	580009.67	-4.649
gj000129	1109327.96	580009.701	-4.726
gj000130	1109329.982	580009.737	-4.905
gj000131	1109332.006	580009.765	-4.951
gj000132	1109334.028	580009.785	-4.951
gj000133	1109336.048	580009.801	-4.923
gj000134	1109338.065	580009.81	-4.917
gj000135	1109340.075	580009.812	-4.825
gj000136	1109342.463	580009.786	-4.57
gj000137	1109344.842	580009.726	-4.559
gj000138	1109347.206	580009.633	-4.409
gj000139	1109349.57	580009.526	-4.798
gj000140	1109351.933	580009.422	-4.858
gj000141	1109354.304	580009.337	-4.78
gj000142	1109356.677	580009.262	-4.552
gj000143	1109359.045	580009.228	-4.112
gj000144	1109361.414	580009.189	-4.104
gj000145	1109363.789	580009.148	-4.084
gj000146	1109366.145	580009.094	-4.107
gj000147	1109368.505	580009.002	-4.214
gj000148	1109370.884	580008.895	-4.235
gj000149	1109373.276	580008.81	-4.306
gj000150	1109375.278	580008.755	-4.237
gj000151	1109377.295	580008.686	-4.198
gj000152	1109379.3	580008.605	-4.206
gj000153	1109381.309	580008.505	-4.212
gj000154	1109383.329	580008.433	-4.152
gj000155	1109385.357	580008.375	-4.117
gj000156	1109387.39	580008.352	-4.097
gj000157	1109389.425	580008.343	-4.492
gj000158	1109391.464	580008.345	-4.604
gj000159	1109393.501	580008.359	-4.881
gj000160	1109395.539	580008.39	-4.807
gj000161	1109397.582	580008.434	-5.04
gj000162	1109399.629	580008.5	-5.154
gj000163	1109401.675	580008.58	-5.045
gj000164	1109403.721	580008.674	-4.926
gj000165	1109405.769	580008.778	-4.979
gj000166	1109407.814	580008.892	-4.861
gj000167	1109409.863	580009.017	-4.577
gj000168	1109411.912	580009.158	-4.518
gj000169	1109413.918	580009.22	-4.165
gj000170	1109416.15	580009.159	-4.203
gj000171	1109418.227	580008.909	-4.192
gj000172	1109420.414	580008.439	-3.753
gj000173	1109422.379	580007.816	-3.781
gj000174	1109424.374	580006.932	-4.064
gj000175	1109426.13	580005.892	-4.252
gj000176	1109427.822	580004.564	-4.731
gj000177	1109429.204	580003.089	-4.882
gj000178	1109430.369	580001.357	-5.14
gj000179	1109431.209	579999.419	-5.527
gj000180	1109431.58	579997.381	-5.687
gj000181	1109431.355	579995.271	-5.837
gj000182	1109430.388	579993.435	-5.875
gj000183	1109428.72	579992.331	-5.892
gj000184	1109426.692	579992.351	-5.862
gj000185	1109424.806	579993.291	-5.84
gj000186	1109423.178	579994.617	-5.675
gj000187	1109421.623	579996.024	-5.494
gj000188	1109420.131	579997.441	-5.592
gj000189	1109418.514	579998.94	-5.497
gj000190	1109416.958	580000.271	-5.411
gj000191	1109415.265	580001.478	-5.272
gj000192	1109413.47	580002.512	-5.267
gj000193	1109411.592	580003.25	-5.126
gj000194	1109383.876	580005.192	-4.996
gj000195	1109381.707	580005.25	-5.014
gj000196	1109379.521	580005.297	-5.021
gj000197	1109377.337	580005.341	-4.983
gj000198	1109375.158	580005.412	-4.981
gj000199	1109372.975	580005.47	-4.933
gj000200	1109370.797	580005.53	-5.014
gj000201	1109368.617	580005.563	-5.003
gj000202	1109366.436	580005.592	-4.999
gj000203	1109364.263	580005.618	-5.057
gj000204	1109362.099	580005.657	-4.999
gj000205	1109359.931	580005.698	-5.031
gj000206	1109357.77	580005.732	-4.976
gj000207	1109355.609	580005.777	-4.957
gj000208	1109353.444	580005.818	-4.926
gj000209	1109351.268	580005.83	-5.112
gj000210	1109349.091	580005.836	-5.157
gj000211	1109346.919	580005.843	-5.186
gj000212	1109344.748	580005.858	-5.196
gj000213	1109342.565	580005.876	-5.096
gj000214	1109340.377	580005.9	-5.014
gj000215	1109338.187	580005.932	-4.89
gj000216	1109335.995	580005.978	-5.06
gj000217	1109333.803	580006.014	-5.088
gj000218	1109331.604	580006.04	-5.103
gj000219	1109329.406	580006.065	-5.084
gj000220	1109327.212	580006.069	-5.022
gj000221	1109325.016	580006.062	-4.889
gj000222	1109322.826	580006.041	-4.956
gj000223	1109320.645	580006.028	-4.878
gj000224	1109318.475	580006.043	-4.76
gj000225	1109316.304	580006.064	-4.782
gj000226	1109314.128	580006.092	-4.743
gj000227	1109311.942	580006.114	-4.747
gj000228	1109309.749	580006.114	-4.737
gj000229	1109307.56	580006.119	-4.748
gj000230	1109305.385	580006.156	-4.768
gj000231	1109303.202	580006.203	-4.816
gj000232	1109301.015	580006.26	-4.874
gj000233	1109298.826	580006.322	-4.857
gj000234	1109296.645	580006.393	-4.902
gj000235	1109294.466	580006.469	-4.772
gj000236	1109292.294	580006.543	-4.727
gj000237	1109290.118	580006.611	-4.97
gj000238	1109287.935	580006.685	-4.666
gj000239	1109285.749	580006.747	-4.323
gj000240	1109283.557	580006.826	-4.442
gj000241	1109281.371	580006.908	-4.955
gj000242	1109279.194	580006.992	-5.038
gj000243	1109277.014	580007.062	-4.937
gj000244	1109274.834	580007.117	-4.94
gj000245	1109272.666	580007.19	-4.983
gj000246	1109270.491	580007.28	-5.013
gj000247	1109268.314	580007.37	-5.036
gj000248	1109266.13	580007.464	-5.059
gj000249	1109263.948	580007.568	-5
gj000250	1109261.774	580007.696	-4.937
gj000251	1109259.598	580007.85	-4.928
gj000252	1109257.422	580007.991	-4.927
gj000253	1109255.218	580008.012	-4.871
gj000254	1109253.02	580007.921	-4.875
gj000255	1109250.863	580007.824	-4.967
gj000256	1109248.705	580007.738	-4.98
gj000257	1109246.535	580007.632	-5.145
gj000258	1109244.367	580007.523	-5.123
gj000259	1109242.204	580007.426	-5.139
gj000260	1109240.031	580007.33	-5.237
gj000261	1109237.856	580007.219	-5.281
gj000262	1109235.676	580007.115	-5.521
gj000263	1109233.492	580007.007	-5.683
gj000264	1109231.311	580006.895	-5.649
gj000265	1109229.13	580006.787	-5.586
gj000266	1109226.955	580006.696	-5.487
gj000267	1109224.771	580006.591	-5.415
gj000268	1109222.586	580006.486	-5.203
gj000269	1109220.411	580006.387	-5.453
gj000270	1109218.229	580006.311	-5.601
gj000271	1109216.039	580006.202	-5.541
gj000272	1109213.836	580006.071	-5.443
gj000273	1109211.641	580005.943	-5.878
gj000274	1109209.457	580005.836	-6.084
gj000275	1109207.276	580005.753	-6.128
gj000276	1109205.091	580005.683	-6.151
gj000277	1109202.905	580005.623	-6.194
gj000278	1109200.726	580005.589	-6.284
gj000279	1109198.543	580005.572	-6.242
gj000280	1109196.354	580005.552	-6.243
gj000281	1109194.169	580005.538	-6.057
gj000282	1109192.025	580005.574	-5.927
gj000283	1109189.865	580005.61	-5.981
gj000284	1109187.71	580005.396	-5.956
gj000285	1109185.772	580004.785	-6.148
gj000286	1109184.045	580003.71	-6.294
gj000287	1109182.622	580002.05	-6.263
gj000288	1109181.845	580000.161	-6.325
gj000289	1109181.634	579998.114	-6.399
gj000290	1109181.977	579996.022	-6.465
gj000291	1109182.736	579994.133	-6.585
gj000292	1109183.858	579992.349	-6.552
gj000293	1109185.085	579990.695	-6.488
gj000294	1109183.951	579992.45	-6.564
gj000295	1109182.9	579994.26	-6.585
gj000296	1109181.96	579996.058	-6.475
gj000297	1109181.014	579997.98	-6.405
gj000298	1109180.347	579999.942	-6.447
gj000299	1109182.173	580000.778	-6.274
gj000300	1109184.351	580000.873	-6.305
gj000301	1109186.609	580000.89	-6.34
gj000302	1109188.901	580000.904	-6.33
gj000303	1109191.086	580000.932	-6.299
gj000304	1109193.412	580000.967	-6.235
gj000305	1109195.493	580001.004	-6.2
gj000306	1109197.649	580001.06	-6.217
gj000307	1109199.903	580001.139	-6.144
gj000308	1109202.276	580001.258	-6.089
gj000309	1109204.332	580001.36	-6.078
gj000310	1109206.443	580001.474	-6.027
gj000311	1109208.6	580001.591	-6.038
gj000312	1109210.796	580001.718	-6.037
gj000313	1109213.018	580001.841	-6.029
gj000314	1109215.253	580001.955	-5.928
gj000315	1109217.51	580002.054	-5.871
gj000316	1109219.786	580002.147	-5.788
gj000317	1109222.079	580002.23	-5.958
gj000318	1109224.386	580002.319	-5.986
gj000319	1109226.71	580002.408	-6.034
gj000320	1109229.044	580002.498	-6.004
gj000321	1109231.382	580002.599	-5.877
gj000322	1109233.727	580002.695	-5.837
gj000323	1109236.079	580002.788	-5.826
gj000324	1109238.44	580002.878	-5.689
gj000325	1109240.802	580002.965	-5.585
gj000326	1109243.167	580003.053	-5.446
gj000327	1109245.529	580003.134	-5.189
gj000328	1109247.893	580003.206	-5.075
gj000329	1109250.259	580003.273	-4.938
gj000330	1109252.629	580003.337	-4.966
gj000331	1109255.001	580003.393	-5.156
gj000332	1109257.375	580003.443	-5.238
gj000333	1109259.745	580003.487	-5.277
gj000334	1109262.105	580003.492	-5.373
gj000335	1109264.44	580003.452	-5.456
gj000336	1109266.773	580003.38	-5.445
gj000337	1109269.113	580003.291	-5.474
gj000338	1109271.465	580003.197	-5.438
gj000339	1109273.824	580003.103	-5.37
gj000340	1109276.183	580003.007	-5.397
gj000341	1109278.545	580002.898	-5.404
gj000342	1109280.905	580002.781	-5.459
gj000343	1109283.273	580002.67	-5.536
gj000344	1109285.646	580002.571	-5.612
gj000345	1109288.026	580002.48	-5.584
gj000346	1109290.404	580002.399	-5.442
gj000347	1109292.779	580002.337	-5.399
gj000348	1109295.157	580002.29	-5.407
gj000349	1109297.537	580002.262	-5.421
gj000350	1109299.915	580002.234	-5.536
gj000351	1109302.29	580002.22	-5.531
gj000352	1109304.667	580002.208	-5.373
gj000353	1109307.046	580002.208	-5.444
gj000354	1109309.427	580002.219	-5.487
gj000355	1109311.812	580002.241	-5.556
gj000356	1109314.197	580002.268	-5.489
gj000357	1109316.577	580002.298	-5.48
gj000358	1109318.953	580002.329	-5.414
gj000359	1109321.326	580002.36	-5.23
gj000360	1109323.689	580002.402	-5.266
gj000361	1109325.951	580002.455	-5.21
gj000362	1109328.176	580002.512	-5.174
gj000363	1109330.43	580002.582	-4.983
gj000364	1109332.701	580002.639	-4.924
gj000365	1109334.975	580002.68	-4.699
gj000366	1109337.266	580002.701	-4.851
gj000367	1109339.572	580002.712	-4.84
gj000368	1109341.888	580002.702	-4.99
gj000369	1109344.198	580002.663	-5.108
gj000370	1109346.511	580002.596	-5.217
gj000371	1109348.844	580002.53	-5.25
gj000372	1109351.197	580002.463	-5.239
gj000373	1109353.549	580002.39	-5.266
gj000374	1109355.897	580002.305	-5.298
gj000375	1109358.249	580002.213	-5.359
gj000376	1109360.612	580002.116	-5.366
gj000377	1109362.985	580002.021	-5.328
gj000378	1109365.364	580001.949	-5.384
gj000379	1109367.742	580001.888	-5.502
gj000380	1109370.13	580001.844	-5.486
gj000381	1109372.519	580001.823	-5.431
gj000382	1109374.91	580001.82	-5.566
gj000383	1109377.304	580001.838	-5.684
gj000384	1109379.696	580001.884	-5.661
gj000385	1109382.084	580001.954	-5.749
gj000386	1109384.467	580002.03	-5.719
gj000387	1109386.839	580002.094	-5.595
gj000388	1109389.202	580002.143	-5.548
gj000389	1109391.558	580002.184	-5.498
gj000390	1109393.917	580002.212	-5.468
gj000391	1109396.28	580002.238	-5.413
gj000392	1109398.648	580002.263	-5.435
gj000393	1109401.021	580002.289	-5.498
gj000394	1109403.399	580002.32	-5.606
gj000395	1109405.775	580002.356	-5.412
gj000396	1109408.149	580002.405	-5.225
gj000397	1109410.526	580002.464	-5.299
gj000398	1109412.905	580002.557	-5.299
gj000399	1109415.296	580002.732	-5.252
gj000400	1109417.678	580003.01	-5.228
gj000401	1109420.004	580003.403	-4.996
gj000402	1109422.24	580003.803	-4.88
gj000403	1109424.366	580004.104	-4.795
gj000404	1109426.368	580004.247	-4.76
gj000405	1109428.605	580004.202	-4.775
gj000406	1109430.642	580003.979	-4.724
gj000407	1109432.787	580003.541	-4.848
gj000408	1109434.698	580002.926	-4.951
gj000409	1109436.64	580002.049	-5.152
gj000410	1109438.544	580000.867	-5.289
gj000411	1109440.156	579999.502	-5.385
gj000412	1109441.436	579997.86	-5.703
gj000413	1109442.288	579996.029	-5.741
gj000414	1109442.687	579993.944	-5.947
gj000415	1109442.439	579991.811	-6.016
gj000416	1109441.451	579989.912	-5.871
gj000417	1109439.835	579988.515	-5.895
gj000418	1109437.956	579987.627	-5.904
gj000419	1109435.942	579987.081	-5.938
gj000420	1109433.916	579986.747	-5.926
gj000421	1109431.718	579986.543	-5.927
gj000422	1109429.394	579986.479	-5.965
gj000423	1109427.308	579986.489	-5.958
gj000424	1109425.151	579986.536	-5.943
gj000425	1109422.943	579986.616	-5.918
gj000426	1109420.692	579986.72	-5.935
gj000427	1109418.405	579986.844	-5.921
gj000428	1109416.086	579986.971	-5.913
gj000429	1109413.778	579987.147	-5.914
gj000430	1109411.499	579987.419	-5.923
gj000431	1109409.212	579987.765	-5.901
gj000432	1109406.915	579988.177	-5.889
gj000433	1109404.608	579988.649	-5.941
gj000434	1109402.3	579989.165	-5.853
gj000435	1109399.988	579989.728	-5.853
gj000436	1109397.683	579990.341	-5.875
gj000437	1109395.75	579990.867	-5.832
gj000438	1109393.81	579991.407	-5.861
gj000439	1109391.856	579991.941	-5.909
gj000440	1109389.888	579992.453	-5.907
gj000441	1109387.896	579992.931	-5.862
gj000442	1109385.913	579993.381	-5.799
gj000443	1109383.936	579993.827	-5.869
gj000444	1109381.958	579994.264	-5.866
gj000445	1109379.968	579994.695	-5.927
gj000446	1109377.973	579995.115	-5.965
gj000447	1109375.961	579995.505	-5.952
gj000448	1109373.93	579995.843	-5.978
gj000449	1109371.886	579996.12	-5.922
gj000450	1109369.845	579996.358	-5.89
gj000451	1109367.811	579996.569	-5.904
gj000452	1109365.771	579996.762	-5.724
gj000453	1109363.724	579996.94	-5.83
gj000454	1109361.692	579997.085	-5.773
gj000455	1109359.31	579997.243	-5.771
gj000456	1109356.988	579997.358	-5.754
gj000457	1109354.784	579997.433	-5.714
gj000458	1109352.705	579997.485	-5.692
gj000459	1109350.404	579997.521	-5.591
gj000460	1109348.23	579997.567	-5.57
gj000461	1109346.152	579997.627	-5.465
gj000462	1109344.136	579997.714	-5.549
gj000463	1109341.881	579997.839	-5.303
gj000464	1109339.675	579997.984	-5.372
gj000465	1109337.497	579998.151	-5.183
gj000466	1109335.326	579998.313	-5.246
gj000467	1109333.171	579998.466	-5.22
gj000468	1109331.03	579998.621	-5.271
gj000469	1109328.895	579998.782	-5.502
gj000470	1109326.763	579998.932	-5.553
gj000471	1109324.626	579999.061	-5.589
gj000472	1109322.494	579999.177	-5.629
gj000473	1109320.367	579999.291	-5.678
gj000474	1109318.239	579999.397	-5.636
gj000475	1109316.11	579999.49	-5.688
gj000476	1109313.959	579999.461	-5.652
gj000477	1109311.81	579999.347	-5.639
gj000478	1109309.584	579999.295	-5.649
gj000479	1109307.551	579999.321	-5.565
gj000480	1109305.412	579999.358	-5.535
gj000481	1109303.184	579999.362	-5.563
gj000482	1109300.906	579999.359	-5.532
gj000483	1109298.58	579999.364	-5.54
gj000484	1109296.552	579999.377	-5.439
gj000485	1109294.5	579999.403	-5.459
gj000486	1109292.422	579999.415	-5.4
gj000487	1109290.324	579999.398	-5.329
gj000488	1109288.216	579999.372	-5.338
gj000489	1109286.103	579999.349	-5.373
gj000490	1109283.985	579999.326	-5.441
gj000491	1109281.862	579999.314	-5.398
gj000492	1109279.729	579999.287	-5.468
gj000493	1109277.578	579999.219	-5.399
gj000494	1109275.423	579999.111	-5.381
gj000495	1109273.279	579998.981	-5.213
gj000496	1109271.128	579998.867	-5.295
gj000497	1109268.972	579998.746	-5.321
gj000498	1109266.801	579998.612	-5.388
gj000499	1109264.629	579998.488	-5.414
gj000500	1109262.456	579998.391	-5.424
gj000501	1109260.279	579998.307	-5.36
gj000502	1109258.09	579998.228	-5.333
gj000503	1109255.897	579998.161	-5.3
gj000504	1109253.701	579998.086	-5.241
gj000505	1109251.513	579997.984	-5.06
gj000506	1109249.33	579997.88	-5.236
gj000507	1109247.155	579997.776	-5.438
gj000508	1109244.983	579997.661	-5.542
gj000509	1109242.814	579997.539	-5.598
gj000510	1109240.65	579997.415	-5.664
gj000511	1109238.488	579997.302	-5.696
gj000512	1109236.336	579997.193	-5.743
gj000513	1109234.183	579997.088	-5.748
gj000514	1109232.034	579996.991	-5.854
gj000515	1109229.89	579996.911	-5.82
gj000516	1109227.743	579996.857	-5.84
gj000517	1109225.582	579996.788	-5.862
gj000518	1109223.424	579996.717	-5.88
gj000519	1109221.27	579996.67	-5.897
gj000520	1109219.114	579996.621	-5.918
gj000521	1109216.951	579996.58	-5.951
gj000522	1109214.789	579996.547	-6.01
gj000523	1109212.627	579996.53	-6.033
gj000524	1109210.458	579996.515	-6.078
gj000525	1109208.283	579996.51	-6.101
gj000526	1109206.101	579996.53	-6.124
gj000527	1109203.927	579996.586	-6.164
gj000528	1109201.752	579996.677	-6.159
gj000529	1109199.579	579996.805	-6.183
gj000530	1109197.389	579996.943	-6.198
gj000531	1109195.192	579997.082	-6.216
gj000532	1109192.991	579997.239	-6.266
gj000533	1109190.806	579997.426	-6.289
gj000534	1109188.637	579997.665	-6.279
gj000535	1109186.508	579997.99	-6.301
gj000536	1109184.291	579998.382	-6.335
gj000537	1109182.266	579998.699	-6.365
gj000538	1109180.193	579998.893	-6.376
gj000539	1109178.138	579998.862	-6.407
gj000540	1109175.818	579998.405	-6.417
gj000541	1109173.816	579997.542	-6.492
gj000542	1109171.992	579996.146	-6.575
gj000543	1109170.711	579994.459	-6.603
gj000544	1109169.92	579992.585	-6.646
gj000545	1109169.601	579990.61	-6.607
gj000546	1109169.727	579988.613	-6.593
gj000547	1109170.258	579986.661	-6.581
gj000548	1109171.179	579984.807	-6.54
gj000549	1109172.447	579983.109	-6.505
gj000550	1109174.023	579981.619	-6.528
gj000551	1109175.852	579980.384	-6.442
gj000552	1109177.888	579979.442	-6.402
gj000553	1109180.065	579978.833	-6.379
gj000554	1109182.338	579978.546	-6.39
gj000555	1109184.676	579978.589	-6.432
gj000556	1109186.758	579978.876	-6.424
gj000557	1109188.965	579979.428	-6.463
gj000558	1109190.898	579980.101	-6.503
gj000559	1109192.928	579980.919	-6.497
gj000560	1109195.025	579981.838	-6.443
gj000561	1109197.203	579982.807	-6.399
gj000562	1109199.431	579983.711	-6.378
gj000563	1109201.663	579984.495	-6.384
gj000564	1109203.934	579985.208	-6.369
gj000565	1109206.212	579985.84	-6.316
gj000566	1109208.487	579986.451	-6.283
gj000567	1109210.774	579987.02	-6.255
gj000568	1109213.061	579987.565	-6.21
gj000569	1109215.353	579988.073	-6.153
gj000570	1109217.649	579988.564	-6.166
gj000571	1109219.932	579988.982	-6.071
gj000572	1109222.193	579989.335	-6.072
gj000573	1109224.467	579989.633	-6.02
gj000574	1109226.747	579989.887	-5.998
gj000575	1109229.045	579990.139	-6.006
gj000576	1109231.355	579990.387	-5.903
gj000577	1109233.668	579990.595	-5.873
gj000578	1109235.979	579990.808	-5.851
gj000579	1109238.293	579990.967	-5.83
gj000580	1109240.61	579991.108	-5.714
gj000581	1109242.944	579991.245	-5.638
gj000582	1109245.293	579991.402	-5.5
gj000583	1109247.64	579991.58	-5.431
gj000584	1109249.993	579991.731	-5.435
gj000585	1109252.342	579991.882	-5.406
gj000586	1109254.686	579992.027	-5.574
gj000587	1109257.036	579992.158	-5.594
gj000588	1109259.389	579992.294	-5.523
gj000589	1109261.746	579992.432	-5.578
gj000590	1109264.104	579992.569	-5.605
gj000591	1109266.461	579992.692	-5.473
gj000592	1109268.824	579992.806	-5.375
gj000593	1109271.196	579992.916	-5.463
gj000594	1109273.569	579993.018	-5.553
gj000595	1109275.946	579993.124	-5.605
gj000596	1109278.323	579993.232	-5.721
gj000597	1109280.702	579993.351	-5.709
gj000598	1109283.085	579993.476	-5.79
gj000599	1109285.464	579993.598	-5.801
gj000600	1109287.841	579993.717	-5.848
gj000601	1109290.215	579993.829	-5.825
gj000602	1109292.587	579993.94	-5.807
gj000603	1109294.956	579994.036	-5.823
gj000604	1109297.327	579994.137	-5.793
gj000605	1109299.695	579994.235	-5.812
gj000606	1109302.061	579994.331	-5.766
gj000607	1109304.422	579994.426	-5.779
gj000608	1109306.781	579994.504	-5.79
gj000609	1109309.135	579994.578	-5.759
gj000610	1109311.486	579994.638	-5.773
gj000611	1109313.826	579994.683	-5.759
gj000612	1109316.167	579994.697	-5.761
gj000613	1109318.509	579994.72	-5.727
gj000614	1109320.857	579994.733	-5.723
gj000615	1109323.199	579994.75	-5.742
gj000616	1109325.533	579994.741	-5.776
gj000617	1109327.873	579994.731	-5.873
gj000618	1109330.213	579994.712	-5.855
gj000619	1109332.56	579994.699	-5.843
gj000620	1109334.913	579994.696	-5.844
gj000621	1109337.269	579994.704	-5.82
gj000622	1109339.627	579994.716	-5.833
gj000623	1109341.976	579994.719	-5.749
gj000624	1109344.322	579994.704	-5.721
gj000625	1109346.659	579994.661	-5.78
gj000626	1109348.952	579994.549	-5.802
gj000627	1109351.222	579994.366	-5.813
gj000628	1109353.496	579994.148	-5.773
gj000629	1109355.774	579993.901	-5.8
gj000630	1109358.067	579993.633	-5.808
gj000631	1109360.367	579993.351	-5.834
gj000632	1109362.68	579993.055	-5.811
gj000633	1109364.997	579992.757	-5.79
gj000634	1109367.319	579992.454	-5.824
gj000635	1109369.643	579992.149	-5.774
gj000636	1109371.96	579991.829	-5.793
gj000637	1109374.275	579991.492	-5.748
gj000638	1109376.584	579991.135	-5.721
gj000639	1109378.921	579990.819	-5.751
gj000640	1109381.281	579990.55	-5.762
gj000641	1109383.656	579990.366	-5.756
gj000642	1109386.031	579990.244	-5.769
gj000643	1109388.397	579990.173	-5.796
gj000644	1109390.748	579990.119	-5.81
gj000645	1109393.098	579990.104	-5.793
gj000646	1109395.452	579990.109	-5.809
gj000647	1109397.817	579990.164	-5.828
gj000648	1109400.192	579990.266	-5.833
gj000649	1109402.561	579990.388	-5.864
gj000650	1109404.921	579990.531	-5.909
gj000651	1109407.291	579990.739	-5.888
gj000652	1109409.645	579991.075	-5.836
gj000653	1109411.927	579991.593	-5.854
gj000654	1109414.12	579992.236	-5.879
gj000655	1109416.23	579992.907	-5.85
gj000656	1109418.252	579993.45	-5.632
gj000657	1109420.598	579993.885	-5.69
gj000658	1109422.823	579994.128	-5.729
gj000659	1109424.916	579994.21	-5.801
gj000660	1109427.183	579994.081	-5.87
gj000661	1109429.272	579993.752	-5.944
gj000662	1109431.451	579993.146	-5.939
gj000663	1109433.399	579992.31	-5.938
gj000664	1109435.143	579991.209	-5.895
gj000665	1109436.617	579989.71	-5.861
gj000666	1109437.702	579987.846	-5.858
gj000667	1109438.295	579985.787	-5.919
gj000668	1109438.334	579983.725	-6.038
gj000669	1109437.727	579981.622	-6.055
gj000670	1109436.296	579979.957	-6.07
gj000671	1109434.414	579978.849	-6.095
gj000672	1109432.253	579978.092	-6.13
gj000673	1109430.277	579977.705	-6.178
gj000674	1109428.179	579977.452	-6.172
gj000675	1109426.05	579977.4	-6.216
gj000676	1109423.885	579977.518	-6.203
gj000677	1109421.679	579977.788	-6.192
gj000678	1109419.438	579978.163	-6.219
gj000679	1109417.16	579978.61	-6.225
gj000680	1109414.83	579979.06	-6.231
gj000681	1109412.485	579979.516	-6.182
gj000682	1109410.141	579979.988	-6.095
gj000683	1109407.794	579980.472	-6.103
gj000684	1109405.822	579980.858	-6.059
gj000685	1109403.844	579981.237	-6.052
gj000686	1109401.858	579981.602	-6.073
gj000687	1109399.863	579981.952	-6.035
gj000688	1109397.865	579982.29	-6.042
gj000689	1109395.868	579982.611	-6.077
gj000690	1109393.873	579982.919	-6.084
gj000691	1109391.883	579983.214	-6.061
gj000692	1109389.894	579983.505	-6.035
gj000693	1109387.911	579983.784	-6.039
gj000694	1109385.928	579984.064	-6.035
gj000695	1109383.556	579984.391	-6.015
gj000696	1109381.186	579984.702	-6.02
gj000697	1109378.824	579985.01	-6.005
gj000698	1109376.474	579985.326	-5.962
gj000699	1109374.131	579985.652	-5.941
gj000700	1109371.784	579985.972	-5.919
gj000701	1109369.424	579986.268	-5.87
gj000702	1109367.061	579986.543	-5.857
gj000703	1109364.691	579986.793	-5.827
gj000704	1109362.317	579987.025	-5.741
gj000705	1109359.948	579987.239	-5.827
gj000706	1109357.586	579987.443	-5.847
gj000707	1109355.228	579987.627	-5.863
gj000708	1109352.874	579987.793	-5.861
gj000709	1109350.518	579987.921	-5.859
gj000710	1109348.165	579988.011	-5.864
gj000711	1109345.826	579988.077	-5.859
gj000712	1109343.499	579988.129	-5.85
gj000713	1109341.174	579988.181	-5.871
gj000714	1109338.849	579988.236	-5.872
gj000715	1109336.522	579988.286	-5.852
gj000716	1109334.192	579988.331	-5.826
gj000717	1109331.867	579988.384	-5.858
gj000718	1109329.541	579988.438	-5.86
gj000719	1109327.207	579988.474	-5.86
gj000720	1109324.88	579988.508	-5.867
gj000721	1109322.561	579988.548	-5.834
gj000722	1109320.258	579988.592	-5.848
gj000723	1109317.955	579988.617	-5.847
gj000724	1109315.661	579988.636	-5.834
gj000725	1109313.369	579988.654	-5.817
gj000726	1109311.08	579988.697	-5.815
gj000727	1109308.794	579988.732	-5.789
gj000728	1109306.51	579988.787	-5.81
gj000729	1109304.225	579988.847	-5.82
gj000730	1109301.939	579988.919	-5.841
gj000731	1109299.648	579989.011	-5.863
gj000732	1109297.346	579989.09	-5.851
gj000733	1109295.035	579989.137	-5.896
gj000734	1109292.729	579989.165	-5.89
gj000735	1109290.429	579989.172	-5.882
gj000736	1109288.118	579989.126	-5.948
gj000737	1109285.811	579989.06	-5.849
gj000738	1109283.525	579988.987	-5.846
gj000739	1109281.235	579988.901	-5.857
gj000740	1109278.937	579988.8	-5.763
gj000741	1109276.642	579988.682	-5.84
gj000742	1109274.349	579988.551	-5.786
gj000743	1109272.054	579988.41	-5.804
gj000744	1109269.76	579988.26	-5.693
gj000745	1109267.458	579988.074	-5.551
gj000746	1109265.158	579987.849	-5.401
gj000747	1109262.873	579987.618	-5.624
gj000748	1109260.585	579987.359	-5.612
gj000749	1109258.295	579987.078	-5.55
gj000750	1109256.01	579986.781	-5.515
gj000751	1109253.731	579986.484	-5.404
gj000752	1109251.455	579986.206	-5.289
gj000753	1109249.18	579985.936	-5.364
gj000754	1109246.899	579985.668	-5.465
gj000755	1109244.617	579985.401	-5.687
gj000756	1109242.335	579985.132	-5.68
gj000757	1109240.049	579984.86	-5.795
gj000758	1109237.76	579984.582	-5.891
gj000759	1109235.479	579984.308	-5.799
gj000760	1109233.201	579984.039	-6.026
gj000761	1109230.924	579983.777	-6.024
gj000762	1109228.648	579983.523	-6.06
gj000763	1109226.368	579983.276	-6.135
gj000764	1109224.088	579983.045	-6.148
gj000765	1109221.808	579982.828	-6.23
gj000766	1109219.527	579982.633	-6.241
gj000767	1109217.244	579982.449	-6.267
gj000768	1109214.961	579982.288	-6.3
gj000769	1109212.673	579982.135	-6.36
gj000770	1109210.385	579981.991	-6.385
gj000771	1109208.096	579981.851	-6.437
gj000772	1109205.807	579981.701	-6.389
gj000773	1109203.511	579981.537	-6.482
gj000774	1109201.219	579981.372	-6.449
gj000775	1109198.929	579981.216	-6.477
gj000776	1109196.641	579981.07	-6.42
gj000777	1109194.347	579980.93	-6.455
gj000778	1109192.055	579980.806	-6.47
gj000779	1109189.787	579980.737	-6.492
gj000780	1109187.535	579980.723	-6.506
gj000781	1109185.351	579980.665	-6.524
gj000782	1109183.34	579980.374	-6.528
gj000783	1109181.36	579979.672	-6.484
gj000784	1109179.71	579978.528	-6.418
gj000785	1109178.428	579976.884	-6.266
gj000786	1109177.759	579974.954	-6.216
gj000787	1109177.694	579972.801	-6.2
gj000788	1109178.157	579970.718	-6.208
gj000789	1109179.012	579968.837	-6.298
gj000790	1109180.271	579967.046	-6.508
gj000791	1109181.852	579965.427	-6.432
gj000792	1109183.742	579964.096	-6.358
gj000793	1109185.54	579963.217	-6.374
gj000794	1109187.45	579962.577	-6.382
gj000795	1109189.441	579962.206	-6.416
gj000796	1109191.465	579962.12	-6.398
gj000797	1109193.534	579962.295	-6.26
gj000798	1109195.635	579962.784	-6.191
gj000799	1109197.809	579963.551	-6.162
gj000800	1109199.697	579964.425	-6.248
gj000801	1109201.668	579965.462	-6.268
gj000802	1109203.704	579966.648	-6.262
gj000803	1109205.767	579968	-6.337
gj000804	1109207.438	579969.137	-6.247
gj000805	1109209.125	579970.251	-6.266
gj000806	1109210.837	579971.315	-6.325
gj000807	1109212.583	579972.33	-6.405
gj000808	1109214.765	579973.434	-6.339
gj000809	1109216.914	579974.378	-6.362
gj000810	1109219.047	579975.126	-6.378
gj000811	1109221.177	579975.72	-6.353
gj000812	1109223.322	579976.202	-6.404
gj000813	1109225.5	579976.573	-6.224
gj000814	1109227.727	579976.893	-6.232
gj000815	1109229.998	579977.158	-6.359
gj000816	1109232.306	579977.385	-6.002
gj000817	1109234.636	579977.568	-5.908
gj000818	1109236.99	579977.713	-5.8
gj000819	1109239.381	579977.853	-5.731
gj000820	1109241.801	579977.974	-5.713
gj000821	1109244.25	579978.092	-5.552
gj000822	1109246.718	579978.213	-5.524
gj000823	1109249.208	579978.341	-5.568
gj000824	1109251.212	579978.445	-5.622
gj000825	1109253.224	579978.547	-5.693
gj000826	1109255.24	579978.647	-5.756
gj000827	1109257.266	579978.748	-5.79
gj000828	1109259.3	579978.865	-5.833
gj000829	1109261.345	579978.995	-5.844
gj000830	1109263.396	579979.149	-5.945
gj000831	1109265.443	579979.33	-5.906
gj000832	1109267.494	579979.525	-5.855
gj000833	1109269.535	579979.728	-5.794
gj000834	1109271.576	579979.928	-5.918
gj000835	1109273.616	579980.141	-5.932
gj000836	1109275.667	579980.374	-5.871
gj000837	1109277.722	579980.638	-5.901
gj000838	1109279.772	579980.928	-5.983
gj000839	1109281.819	579981.242	-6.047
gj000840	1109283.857	579981.56	-6.024
gj000841	1109285.886	579981.876	-6.031
gj000842	1109287.913	579982.194	-6.113
gj000843	1109289.945	579982.523	-6.137
gj000844	1109291.979	579982.848	-6.15
gj000845	1109294.004	579983.143	-6.175
gj000846	1109296.022	579983.409	-6.148
gj000847	1109298.035	579983.643	-6.218
gj000848	1109300.057	579983.839	-6.24
gj000849	1109302.076	579983.997	-6.261
gj000850	1109304.096	579984.125	-6.259
gj000851	1109306.12	579984.216	-6.185
gj000852	1109308.15	579984.29	-6.18
gj000853	1109310.182	579984.326	-6.138
gj000854	1109312.206	579984.331	-6.157
gj000855	1109314.237	579984.309	-6.167
gj000856	1109316.279	579984.282	-6.178
gj000857	1109318.329	579984.242	-6.151
gj000858	1109320.387	579984.209	-6.168
gj000859	1109322.458	579984.184	-6.075
gj000860	1109324.531	579984.161	-6.067
gj000861	1109326.608	579984.152	-6.051
gj000862	1109328.687	579984.155	-6.049
gj000863	1109330.766	579984.167	-6.038
gj000864	1109332.84	579984.172	-6.025
gj000865	1109334.917	579984.18	-6.02
gj000866	1109336.992	579984.189	-6.023
gj000867	1109339.071	579984.197	-5.993
gj000868	1109341.14	579984.181	-5.993
gj000869	1109343.196	579984.143	-5.989
gj000870	1109345.245	579984.072	-6.001
gj000871	1109347.278	579983.955	-5.968
gj000872	1109349.285	579983.778	-5.95
gj000873	1109351.282	579983.558	-5.857
gj000874	1109353.281	579983.299	-5.785
gj000875	1109355.287	579983.02	-6.005
gj000876	1109357.301	579982.719	-6.083
gj000877	1109359.325	579982.411	-6.182
gj000878	1109361.356	579982.083	-6.182
gj000879	1109363.393	579981.755	-6.193
gj000880	1109365.433	579981.419	-6.188
gj000881	1109367.48	579981.09	-6.281
gj000882	1109369.518	579980.748	-6.225
gj000883	1109371.542	579980.373	-6.207
gj000884	1109373.57	579980.001	-6.192
gj000885	1109375.594	579979.606	-6.23
gj000886	1109377.622	579979.195	-6.245
gj000887	1109379.645	579978.788	-6.242
gj000888	1109381.673	579978.378	-6.269
gj000889	1109383.703	579977.966	-6.281
gj000890	1109385.746	579977.562	-6.308
gj000891	1109387.795	579977.187	-6.279
gj000892	1109389.862	579976.854	-6.298
gj000893	1109391.942	579976.58	-6.327
gj000894	1109394.026	579976.367	-6.298
gj000895	1109396.109	579976.219	-6.283
gj000896	1109398.194	579976.143	-6.263
gj000897	1109400.275	579976.131	-6.261
gj000898	1109402.35	579976.185	-6.26
gj000899	1109404.42	579976.283	-6.259
gj000900	1109406.486	579976.422	-6.328
gj000901	1109408.553	579976.614	-6.254
gj000902	1109410.618	579976.889	-6.197
gj000903	1109412.659	579977.276	-6.215
gj000904	1109414.652	579977.781	-6.242
gj000905	1109416.586	579978.396	-6.256
gj000906	1109418.913	579979.299	-6.216
gj000907	1109421.163	579980.305	-6.161
gj000908	1109423.35	579981.41	-6.116
gj000909	1109425.539	579982.499	-6.085
gj000910	1109427.703	579983.505	-6.044
gj000911	1109429.855	579984.302	-6.008
gj000912	1109431.946	579984.867	-6.031
gj000913	1109433.97	579985.203	-6.032
gj000914	1109436.29	579985.341	-5.998
gj000915	1109438.481	579985.203	-5.986
gj000916	1109440.543	579984.811	-6.006
gj000917	1109442.471	579984.196	-6.029
gj000918	1109444.522	579983.213	-6.011
gj000919	1109446.33	579981.963	-6.023
gj000920	1109447.853	579980.461	-6.148
gj000921	1109449.038	579978.771	-6.204
gj000922	1109449.919	579976.705	-6.209
gj000923	1109450.287	579974.628	-6.279
gj000924	1109450.08	579972.457	-6.382
gj000925	1109449.318	579970.606	-6.509
gj000926	1109447.977	579969.044	-6.592
gj000927	1109446.255	579967.802	-6.73
gj000928	1109444.413	579966.88	-6.711
gj000929	1109442.331	579966.12	-6.792
gj000930	1109440.086	579965.582	-6.792
gj000931	1109438.06	579965.285	-6.833
gj000932	1109435.956	579965.14	-6.877
gj000933	1109433.797	579965.134	-6.837
gj000934	1109431.564	579965.222	-6.827
gj000935	1109429.255	579965.347	-6.839
gj000936	1109426.919	579965.513	-6.809
gj000937	1109424.58	579965.742	-6.76
gj000938	1109422.242	579966.049	-6.739
gj000939	1109419.894	579966.416	-6.686
gj000940	1109417.535	579966.826	-6.626
gj000941	1109415.546	579967.156	-6.625
gj000942	1109413.545	579967.475	-6.638
gj000943	1109411.535	579967.759	-6.635
gj000944	1109409.527	579968.028	-6.643
gj000945	1109407.525	579968.293	-6.565
gj000946	1109405.515	579968.534	-6.556
gj000947	1109403.501	579968.748	-6.548
gj000948	1109401.484	579968.921	-6.569
gj000949	1109399.465	579969.065	-6.541
gj000950	1109397.451	579969.175	-6.529
gj000951	1109395.44	579969.259	-6.527
gj000952	1109393.422	579969.314	-6.51
gj000953	1109391.398	579969.351	-6.619
gj000954	1109389.378	579969.379	-6.532
gj000955	1109387.356	579969.399	-6.554
gj000956	1109385.332	579969.416	-6.546
gj000957	1109383.312	579969.443	-6.538
gj000958	1109381.289	579969.469	-6.548
gj000959	1109379.264	579969.504	-6.542
gj000960	1109377.24	579969.534	-6.574
gj000961	1109375.224	579969.569	-6.654
gj000962	1109373.21	579969.609	-6.565
gj000963	1109371.189	579969.648	-6.543
gj000964	1109369.162	579969.666	-6.555
gj000965	1109367.125	579969.667	-6.571
gj000966	1109365.103	579969.688	-6.623
gj000967	1109362.705	579969.755	-6.581
gj000968	1109360.704	579969.84	-6.562
gj000969	1109358.694	579969.952	-6.64
gj000970	1109356.68	579970.065	-6.587
gj000971	1109354.668	579970.213	-6.569
gj000972	1109352.662	579970.379	-6.581
gj000973	1109350.649	579970.57	-6.562
gj000974	1109348.629	579970.782	-6.561
gj000975	1109346.621	579971.033	-6.545
gj000976	1109344.608	579971.29	-6.552
gj000977	1109342.59	579971.584	-6.528
gj000978	1109340.563	579971.858	-6.46
gj000979	1109338.544	579972.169	-6.505
gj000980	1109336.544	579972.502	-6.414
gj000981	1109334.539	579972.849	-6.426
gj000982	1109332.523	579973.208	-6.388
gj000983	1109330.507	579973.56	-6.361
gj000984	1109328.484	579973.914	-6.376
gj000985	1109326.46	579974.266	-6.372
gj000986	1109324.438	579974.628	-6.36
gj000987	1109322.411	579974.978	-6.374
gj000988	1109320.391	579975.342	-6.363
gj000989	1109318.38	579975.705	-6.369
gj000990	1109316.365	579976.066	-6.405
gj000991	1109314.343	579976.423	-6.353
gj000992	1109312.314	579976.752	-6.404
gj000993	1109310.278	579977.055	-6.264
gj000994	1109308.244	579977.346	-6.394
gj000995	1109306.212	579977.627	-6.365
gj000996	1109304.178	579977.893	-6.053
gj000997	1109302.136	579978.154	-6.289
gj000998	1109300.094	579978.401	-6.325
gj000999	1109298.051	579978.643	-6.313
gj001000	1109296.007	579978.875	-6.286
gj001001	1109293.956	579979.093	-6.266
gj001002	1109291.907	579979.285	-6.22
gj001003	1109289.855	579979.458	-6.176
gj001004	1109287.803	579979.614	-6.14
gj001005	1109285.737	579979.71	-6.139
gj001006	1109283.665	579979.739	-6.076
gj001007	1109281.609	579979.725	-6.062
gj001008	1109279.553	579979.665	-6.039
gj001009	1109277.503	579979.593	-5.909
gj001010	1109275.458	579979.505	-5.998
gj001011	1109273.414	579979.4	-5.901
gj001012	1109271.36	579979.284	-5.89
gj001013	1109269.298	579979.134	-5.845
gj001014	1109267.25	579978.96	-5.909
gj001015	1109265.208	579978.793	-5.836
gj001016	1109263.176	579978.624	-5.842
gj001017	1109261.153	579978.465	-5.824
gj001018	1109259.131	579978.318	-5.816
gj001019	1109257.116	579978.189	-5.757
gj001020	1109255.111	579978.1	-5.617
gj001021	1109253.098	579978.016	-5.682
gj001022	1109251.076	579977.924	-5.581
gj001023	1109249.048	579977.804	-5.543
gj001024	1109247.019	579977.67	-5.505
gj001025	1109244.991	579977.518	-5.544
gj001026	1109242.963	579977.342	-5.619
gj001027	1109240.927	579977.126	-5.691
gj001028	1109238.896	579976.867	-5.734
gj001029	1109236.883	579976.593	-5.797
gj001030	1109234.881	579976.321	-6.012
gj001031	1109232.876	579976.044	-6.01
gj001032	1109230.869	579975.772	-6.135
gj001033	1109228.862	579975.493	-6.256
gj001034	1109226.858	579975.22	-6.32
gj001035	1109224.842	579974.933	-6.317
gj001036	1109222.821	579974.619	-6.367
gj001037	1109220.799	579974.286	-6.49
gj001038	1109218.776	579973.929	-6.39
gj001039	1109216.757	579973.552	-6.331
gj001040	1109214.743	579973.165	-6.344
gj001041	1109212.729	579972.78	-6.319
gj001042	1109210.721	579972.397	-6.296
gj001043	1109208.709	579972.007	-6.303
gj001044	1109206.693	579971.614	-6.261
gj001045	1109204.671	579971.207	-6.272
gj001046	1109202.652	579970.772	-6.216
gj001047	1109200.631	579970.311	-6.188
gj001048	1109198.619	579969.817	-6.171
gj001049	1109196.613	579969.304	-6.163
gj001050	1109194.614	579968.782	-6.164
gj001051	1109192.616	579968.236	-6.199
gj001052	1109190.624	579967.622	-6.237
gj001053	1109188.639	579966.937	-6.387
gj001054	1109186.682	579966.16	-6.456
gj001055	1109184.768	579965.276	-6.418
gj001056	1109182.891	579964.311	-6.457
gj001057	1109181.055	579963.281	-6.483
gj001058	1109179.244	579962.253	-6.645
gj001059	1109177.439	579961.228	-6.786
gj001060	1109175.624	579960.199	-6.939
gj001061	1109173.817	579959.273	-6.846
gj001062	1109171.802	579958.446	-6.817
gj001063	1109169.718	579957.985	-6.851
gj001064	1109167.708	579957.994	-6.805
gj001065	1109165.714	579958.609	-6.822
gj001066	1109164.095	579959.907	-6.836
gj001067	1109163.158	579961.684	-6.748
gj001068	1109162.862	579963.678	-6.509
gj001069	1109163.172	579965.891	-6.371
gj001070	1109164.008	579967.89	-6.465
gj001071	1109165.153	579969.567	-6.385
gj001072	1109166.662	579971.073	-6.271
gj001073	1109168.499	579972.34	-6.269
gj001074	1109170.62	579973.33	-6.2
gj001075	1109172.68	579973.99	-6.2
gj001076	1109174.955	579974.442	-6.185
gj001077	1109176.971	579974.638	-6.187
gj001078	1109179.15	579974.744	-6.262
gj001079	1109181.491	579974.779	-6.179
gj001080	1109183.962	579974.805	-6.188
gj001081	1109186.007	579974.82	-6.186
gj001082	1109188.09	579974.804	-6.188
gj001083	1109190.201	579974.777	-6.194
gj001084	1109192.337	579974.72	-6.198
gj001085	1109194.475	579974.621	-6.228
gj001086	1109196.597	579974.458	-6.228
gj001087	1109198.708	579974.231	-6.24
gj001088	1109200.826	579973.961	-6.269
gj001089	1109202.951	579973.65	-6.325
gj001090	1109205.073	579973.328	-6.32
gj001091	1109207.15	579972.975	-6.298
gj001092	1109209.169	579972.585	-6.297
gj001093	1109211.131	579972.151	-6.347
gj001094	1109213.528	579971.564	-6.307
gj001095	1109215.896	579970.944	-6.355
gj001096	1109218.273	579970.336	-6.339
gj001097	1109220.66	579969.753	-6.306
gj001098	1109223.052	579969.208	-6.293
gj001099	1109225.44	579968.692	-6.278
gj001100	1109227.836	579968.218	-6.253
gj001101	1109230.24	579967.796	-6.245
gj001102	1109232.643	579967.443	-6.258
gj001103	1109235.056	579967.15	-6.262
gj001104	1109237.466	579966.911	-6.311
gj001105	1109239.868	579966.71	-6.315
gj001106	1109242.263	579966.528	-6.436
gj001107	1109244.655	579966.373	-6.466
gj001108	1109247.056	579966.247	-6.529
gj001109	1109249.474	579966.175	-6.637
gj001110	1109251.902	579966.163	-6.622
gj001111	1109254.35	579966.197	-6.626
gj001112	1109256.839	579966.286	-6.639
gj001113	1109258.856	579966.392	-6.604
gj001114	1109260.893	579966.524	-6.63
gj001115	1109262.946	579966.686	-6.606
gj001116	1109265.019	579966.871	-6.562
gj001117	1109267.103	579967.087	-6.567
gj001118	1109269.197	579967.324	-6.53
gj001119	1109271.305	579967.578	-6.508
gj001120	1109273.419	579967.854	-6.467
gj001121	1109275.54	579968.142	-6.418
gj001122	1109277.665	579968.448	-6.386
gj001123	1109279.794	579968.771	-6.358
gj001124	1109281.926	579969.118	-6.322
gj001125	1109284.062	579969.481	-6.305
gj001126	1109286.193	579969.868	-6.267
gj001127	1109288.328	579970.257	-6.195
gj001128	1109290.459	579970.645	-6.202
gj001129	1109292.585	579971.012	-6.181
gj001130	1109294.701	579971.339	-6.165
gj001131	1109296.81	579971.619	-6.187
gj001132	1109298.923	579971.859	-6.162
gj001133	1109301.029	579972.033	-6.178
gj001134	1109303.114	579972.13	-6.173
gj001135	1109305.186	579972.159	-6.194
gj001136	1109307.258	579972.123	-6.218
gj001137	1109309.331	579972.025	-6.202
gj001138	1109311.406	579971.868	-6.249
gj001139	1109313.493	579971.664	-6.254
gj001140	1109315.578	579971.411	-6.27
gj001141	1109317.672	579971.132	-6.252
gj001142	1109319.781	579970.826	-6.285
gj001143	1109321.905	579970.505	-6.314
gj001144	1109324.039	579970.183	-6.342
gj001145	1109326.174	579969.855	-6.37
gj001146	1109328.307	579969.507	-6.452
gj001147	1109330.438	579969.151	-6.417
gj001148	1109332.572	579968.77	-6.522
gj001149	1109334.705	579968.388	-6.507
gj001150	1109336.844	579967.998	-6.474
gj001151	1109338.992	579967.615	-6.457
gj001152	1109341.151	579967.241	-6.508
gj001153	1109343.318	579966.887	-6.557
gj001154	1109345.487	579966.534	-6.542
gj001155	1109347.653	579966.184	-6.556
gj001156	1109349.814	579965.82	-6.644
gj001157	1109351.975	579965.46	-6.629
gj001158	1109354.134	579965.086	-6.623
gj001159	1109356.292	579964.708	-6.659
gj001160	1109358.442	579964.318	-6.789
gj001161	1109360.591	579963.92	-6.688
gj001162	1109362.737	579963.504	-6.689
gj001163	1109364.882	579963.083	-6.718
gj001164	1109367.025	579962.647	-6.743
gj001165	1109369.169	579962.203	-6.724
gj001166	1109371.312	579961.758	-6.737
gj001167	1109373.457	579961.309	-6.727
gj001168	1109375.603	579960.857	-6.774
gj001169	1109377.749	579960.402	-6.777
gj001170	1109379.893	579959.941	-6.807
gj001171	1109382.036	579959.472	-6.803
gj001172	1109384.179	579959.003	-6.813
gj001173	1109386.319	579958.515	-6.8
gj001174	1109388.459	579958.025	-6.805
gj001175	1109390.593	579957.525	-6.829
gj001176	1109392.731	579957.02	-6.874
gj001177	1109394.882	579956.527	-6.924
gj001178	1109397.044	579956.053	-6.876
gj001179	1109399.217	579955.612	-6.934
gj001180	1109401.402	579955.211	-6.969
gj001181	1109403.597	579954.856	-6.946
gj001182	1109405.786	579954.526	-6.988
gj001183	1109407.976	579954.225	-7.162
gj001184	1109410.166	579953.947	-7.092
gj001185	1109412.359	579953.686	-7.145
gj001186	1109414.56	579953.443	-7.208
gj001187	1109416.765	579953.231	-7.284
gj001188	1109418.978	579953.036	-7.329
gj001189	1109421.191	579952.868	-7.399
gj001190	1109423.408	579952.722	-7.335
gj001191	1109425.624	579952.61	-7.35
gj001192	1109427.843	579952.541	-7.134
gj001193	1109430.059	579952.517	-7.411
gj001194	1109432.277	579952.543	-7.423
gj001195	1109434.494	579952.641	-7.478
gj001196	1109436.697	579952.839	-7.452
gj001197	1109438.86	579953.155	-7.473
gj001198	1109440.96	579953.617	-7.547
gj001199	1109442.977	579954.205	-7.371
gj001200	1109444.887	579954.929	-7.344
gj001201	1109447.098	579955.999	-7.37
gj001202	1109449.084	579957.229	-7.297
gj001203	1109450.836	579958.589	-7.213
gj001204	1109452.343	579960.051	-7.101
gj001205	1109453.822	579961.898	-6.94
gj001206	1109454.957	579963.798	-6.856
gj001207	1109455.745	579965.711	-6.758
gj001208	1109456.238	579967.892	-6.633
gj001209	1109456.281	579969.942	-6.508
gj001210	1109455.846	579972.049	-6.356
gj001211	1109454.824	579973.989	-6.292
gj001212	1109453.37	579975.365	-6.233
gj001213	1109451.433	579976.12	-6.211
gj001214	1109449.392	579975.973	-6.203
gj001215	1109447.526	579975.115	-6.223
gj001216	1109445.886	579973.803	-6.295
gj001217	1109444.506	579972.273	-6.438
gj001218	1109443.202	579970.423	-6.499
gj001219	1109442.106	579968.651	-6.616
gj001220	1109441.013	579966.788	-6.73
gj001221	1109439.903	579964.878	-6.806
gj001222	1109438.773	579962.986	-6.865
gj001223	1109437.598	579961.209	-6.995
gj001224	1109436.36	579959.589	-6.98
gj001225	1109434.839	579957.905	-7.024
gj001226	1109433.238	579956.474	-7.196
gj001227	1109431.573	579955.33	-7.316
gj001228	1109429.597	579954.338	-7.321
gj001229	1109427.495	579953.586	-7.365
gj001230	1109425.54	579953.055	-7.378
gj001231	1109423.493	579952.599	-7.293
gj001232	1109421.387	579952.219	-7.406
gj001233	1109419.202	579951.87	-7.339
gj001234	1109416.951	579951.523	-7.209
gj001235	1109414.659	579951.173	-7.157
gj001236	1109412.676	579950.89	-7.09
gj001237	1109410.681	579950.61	-7.058
gj001238	1109408.685	579950.389	-6.981
gj001239	1109406.69	579950.23	-6.972
gj001240	1109404.675	579950.112	-6.895
gj001241	1109402.632	579949.995	-6.877
gj001242	1109400.56	579949.872	-6.94
gj001243	1109398.474	579949.753	-6.893
gj001244	1109396.372	579949.64	-6.841
gj001245	1109394.26	579949.522	-6.787
gj001246	1109392.15	579949.411	-6.737
gj001247	1109390.042	579949.327	-6.725
gj001248	1109387.92	579949.261	-6.685
gj001249	1109385.787	579949.195	-6.619
gj001250	1109383.654	579949.138	-6.562
gj001251	1109381.526	579949.108	-6.525
gj001252	1109379.387	579949.092	-6.474
gj001253	1109377.257	579949.12	-6.38
gj001254	1109375.116	579949.174	-6.307
gj001255	1109372.944	579949.254	-6.266
gj001256	1109370.754	579949.337	-6.2
gj001257	1109368.543	579949.435	-6.066
gj001258	1109366.317	579949.57	-5.935
gj001259	1109364.089	579949.761	-6.096
gj001260	1109361.857	579950.02	-6.214
gj001261	1109359.614	579950.339	-6.383
gj001262	1109357.364	579950.702	-6.372
gj001263	1109355.095	579951.105	-6.383
gj001264	1109352.814	579951.544	-6.591
gj001265	1109350.526	579952.004	-6.489
gj001266	1109348.227	579952.485	-6.437
gj001267	1109345.914	579952.965	-6.481
gj001268	1109343.588	579953.433	-6.53
gj001269	1109341.246	579953.887	-6.583
gj001270	1109338.89	579954.293	-6.454
gj001271	1109336.537	579954.662	-6.425
gj001272	1109334.193	579954.979	-6.373
gj001273	1109331.875	579955.26	-6.413
gj001274	1109329.586	579955.53	-6.447
gj001275	1109327.32	579955.783	-6.485
gj001276	1109325.068	579956.009	-6.517
gj001277	1109322.826	579956.182	-6.508
gj001278	1109320.604	579956.316	-6.591
gj001279	1109318.395	579956.419	-6.535
gj001280	1109316.194	579956.496	-6.574
gj001281	1109314.009	579956.539	-6.623
gj001282	1109311.834	579956.559	-6.564
gj001283	1109309.667	579956.576	-6.569
gj001284	1109307.519	579956.615	-6.545
gj001285	1109305.379	579956.691	-6.556
gj001286	1109303.228	579956.807	-6.571
gj001287	1109300.995	579956.931	-6.62
gj001288	1109298.699	579957.069	-6.593
gj001289	1109296.355	579957.202	-6.645
gj001290	1109293.969	579957.338	-6.664
gj001291	1109291.959	579957.446	-6.734
gj001292	1109289.938	579957.571	-6.694
gj001293	1109287.898	579957.713	-6.671
gj001294	1109285.83	579957.847	-6.466
gj001295	1109283.743	579957.972	-6.678
gj001296	1109281.641	579958.067	-6.598
gj001297	1109279.537	579958.146	-6.766
gj001298	1109277.445	579958.219	-6.773
gj001299	1109275.355	579958.265	-6.927
gj001300	1109273.275	579958.301	-6.971
gj001301	1109271.201	579958.33	-6.928
gj001302	1109269.122	579958.323	-6.983
gj001303	1109267.039	579958.279	-7.002
gj001304	1109264.96	579958.194	-7.087
gj001305	1109262.89	579958.088	-7.012
gj001306	1109260.82	579957.961	-7.008
gj001307	1109258.756	579957.814	-6.975
gj001308	1109256.702	579957.662	-7.012
gj001309	1109254.653	579957.505	-6.971
gj001310	1109252.604	579957.348	-6.942
gj001311	1109250.559	579957.185	-6.961
gj001312	1109248.517	579957.009	-6.919
gj001313	1109246.476	579956.83	-6.848
gj001314	1109244.439	579956.653	-6.836
gj001315	1109242.41	579956.492	-6.808
gj001316	1109240.38	579956.361	-6.909
gj001317	1109238.35	579956.236	-6.804
gj001318	1109236.319	579956.133	-6.699
gj001319	1109234.282	579956.031	-6.644
gj001320	1109232.246	579955.946	-6.585
gj001321	1109230.213	579955.866	-6.444
gj001322	1109228.181	579955.789	-6.314
gj001323	1109226.147	579955.706	-6.232
gj001324	1109224.108	579955.614	-6.136
gj001325	1109222.065	579955.526	-6.081
gj001326	1109220.023	579955.436	-6.009
gj001327	1109217.981	579955.352	-5.983
gj001328	1109215.942	579955.273	-6.01
gj001329	1109213.901	579955.202	-5.959
gj001330	1109211.852	579955.133	-6.336
gj001331	1109209.807	579955.061	-6.557
gj001332	1109207.761	579954.981	-6.616
gj001333	1109205.712	579954.895	-6.713
gj001334	1109203.664	579954.811	-6.618
gj001335	1109201.612	579954.725	-6.527
gj001336	1109199.559	579954.647	-6.578
gj001337	1109197.504	579954.573	-6.803
gj001338	1109195.448	579954.507	-6.824
gj001339	1109193.384	579954.454	-6.748
gj001340	1109191.324	579954.41	-6.655
gj001341	1109189.258	579954.376	-6.724
gj001342	1109187.192	579954.349	-6.663
gj001343	1109185.125	579954.332	-6.525
gj001344	1109183.058	579954.323	-6.392
gj001345	1109180.985	579954.312	-6.299
gj001346	1109178.904	579954.296	-6.072
gj001347	1109176.807	579954.236	-6.027
gj001348	1109174.699	579954.111	-6.123
gj001349	1109172.59	579953.853	-6.034
gj001350	1109170.515	579953.462	-5.87
gj001351	1109168.486	579952.977	-5.7
gj001352	1109166.482	579952.456	-5.825
gj001353	1109164.492	579951.989	-5.72
gj001354	1109162.531	579951.592	-5.602
gj001355	1109160.18	579951.267	-5.524
gj001356	1109157.882	579951.181	-5.444
gj001357	1109155.813	579951.401	-5.636
gj001358	1109153.734	579952.086	-5.911
gj001359	1109151.826	579953.319	-6.22
gj001360	1109150.471	579954.962	-6.51
gj001361	1109149.774	579956.918	-6.681
gj001362	1109149.774	579959.021	-6.695
gj001363	1109150.438	579961.121	-6.504
gj001364	1109151.484	579962.864	-6.352
gj001365	1109152.923	579964.442	-6.242
gj001366	1109154.724	579965.772	-6.213
gj001367	1109156.821	579966.81	-6.245
gj001368	1109158.835	579967.46	-6.344
gj001369	1109161.012	579967.849	-6.407
gj001370	1109163.388	579968.038	-6.474
gj001371	1109165.554	579968.049	-6.478
gj001372	1109167.868	579967.95	-6.516
gj001373	1109170.278	579967.726	-6.522
gj001374	1109172.266	579967.483	-6.611
gj001375	1109174.311	579967.189	-6.514
gj001376	1109176.4	579966.867	-6.47
gj001377	1109178.534	579966.533	-6.422
gj001378	1109180.71	579966.204	-6.474
gj001379	1109182.915	579965.89	-6.475
gj001380	1109185.145	579965.598	-6.408
gj001381	1109187.391	579965.325	-6.36
gj001382	1109189.653	579965.071	-6.316
gj001383	1109191.924	579964.854	-6.256
gj001384	1109194.203	579964.636	-6.225
gj001385	1109196.475	579964.426	-6.187
gj001386	1109198.745	579964.217	-6.172
gj001387	1109201.019	579963.998	-6.142
gj001388	1109203.3	579963.782	-6.093
gj001389	1109205.596	579963.582	-6.062
gj001390	1109207.906	579963.417	-6.085
gj001391	1109210.226	579963.278	-6.072
gj001392	1109212.547	579963.173	-6.105
gj001393	1109214.86	579963.075	-6.062
gj001394	1109217.162	579962.964	-6.317
gj001395	1109219.467	579962.85	-6.392
gj001396	1109221.769	579962.733	-6.438
gj001397	1109224.069	579962.598	-6.531
gj001398	1109226.372	579962.453	-6.583
gj001399	1109228.674	579962.292	-6.566
gj001400	1109230.979	579962.133	-6.655
gj001401	1109233.284	579961.961	-6.674
gj001402	1109235.594	579961.799	-6.724
gj001403	1109237.905	579961.623	-6.734
gj001404	1109240.214	579961.463	-6.723
gj001405	1109242.53	579961.3	-6.695
gj001406	1109244.85	579961.148	-6.844
gj001407	1109247.178	579961.007	-6.877
gj001408	1109249.51	579960.884	-6.986
gj001409	1109251.844	579960.791	-6.945
gj001410	1109254.183	579960.711	-6.938
gj001411	1109256.522	579960.657	-6.938
gj001412	1109258.863	579960.624	-6.929
gj001413	1109261.197	579960.601	-6.933
gj001414	1109263.53	579960.599	-6.948
gj001415	1109265.867	579960.603	-6.911
gj001416	1109268.199	579960.631	-6.927
gj001417	1109270.539	579960.665	-6.857
gj001418	1109272.876	579960.725	-6.831
gj001419	1109275.213	579960.799	-6.822
gj001420	1109277.554	579960.893	-6.762
gj001421	1109279.895	579961.019	-6.707
gj001422	1109282.236	579961.163	-6.76
gj001423	1109284.58	579961.349	-6.657
gj001424	1109286.921	579961.584	-6.671
gj001425	1109289.254	579961.849	-6.709
gj001426	1109291.573	579962.145	-6.583
gj001427	1109293.889	579962.465	-6.578
gj001428	1109296.199	579962.801	-6.591
gj001429	1109298.505	579963.16	-6.526
gj001430	1109300.809	579963.532	-6.495
gj001431	1109303.106	579963.918	-6.42
gj001432	1109305.404	579964.32	-6.402
gj001433	1109307.699	579964.731	-6.38
gj001434	1109309.986	579965.136	-6.367
gj001435	1109312.265	579965.538	-6.342
gj001436	1109314.548	579965.927	-6.352
gj001437	1109316.819	579966.279	-6.328
gj001438	1109319.083	579966.6	-6.347
gj001439	1109321.338	579966.875	-6.368
gj001440	1109323.599	579967.107	-6.358
gj001441	1109325.862	579967.305	-6.398
gj001442	1109328.123	579967.47	-6.389
gj001443	1109330.39	579967.596	-6.432
gj001444	1109332.653	579967.683	-6.433
gj001445	1109334.918	579967.736	-6.517
gj001446	1109337.19	579967.756	-6.48
gj001447	1109339.464	579967.752	-6.491
gj001448	1109341.732	579967.71	-6.648
gj001449	1109343.985	579967.623	-6.507
gj001450	1109346.233	579967.491	-6.503
gj001451	1109348.493	579967.344	-6.486
gj001452	1109350.76	579967.18	-6.55
gj001453	1109353.042	579967.018	-6.558
gj001454	1109355.331	579966.853	-6.787
gj001455	1109357.621	579966.685	-6.659
gj001456	1109359.912	579966.511	-6.669
gj001457	1109362.201	579966.34	-6.674
gj001458	1109364.499	579966.182	-6.756
gj001459	1109366.81	579966.072	-6.693
gj001460	1109369.119	579966.017	-6.654
gj001461	1109371.425	579966.003	-6.714
gj001462	1109373.722	579966.006	-6.657
gj001463	1109376.014	579966.042	-6.785
gj001464	1109378.298	579966.085	-6.709
gj001465	1109380.575	579966.151	-6.712
gj001466	1109382.849	579966.221	-6.657
gj001467	1109385.125	579966.31	-6.708
gj001468	1109387.394	579966.406	-6.747
gj001469	1109389.663	579966.508	-6.693
gj001470	1109391.927	579966.603	-6.685
gj001471	1109394.187	579966.703	-6.723
gj001472	1109396.452	579966.802	-6.69
gj001473	1109398.716	579966.902	-6.749
gj001474	1109400.98	579967.005	-6.643
gj001475	1109403.24	579967.116	-6.686
gj001476	1109405.503	579967.228	-6.713
gj001477	1109407.775	579967.325	-6.676
gj001478	1109410.036	579967.421	-6.617
gj001479	1109412.303	579967.52	-6.638
gj001480	1109414.574	579967.625	-6.631
gj001481	1109416.845	579967.728	-6.609
gj001482	1109419.12	579967.857	-6.616
gj001483	1109421.392	579967.994	-6.622
gj001484	1109423.663	579968.139	-6.651
gj001485	1109425.925	579968.28	-6.722
gj001486	1109428.182	579968.423	-6.612
gj001487	1109430.438	579968.557	-6.622
gj001488	1109432.669	579968.644	-6.625
gj001489	1109434.871	579968.675	-6.634
gj001490	1109437.034	579968.613	-6.648
gj001491	1109439.185	579968.385	-6.628
gj001492	1109441.306	579967.986	-6.705
gj001493	1109443.305	579967.386	-6.717
gj001494	1109445.153	579966.586	-6.741
gj001495	1109447.217	579965.336	-6.828
gj001496	1109448.979	579963.852	-6.85
gj001497	1109450.413	579962.18	-6.904
gj001498	1109451.498	579960.396	-7.119
gj001499	1109452.325	579958.191	-7.242
gj001500	1109452.653	579956.02	-7.354
gj001501	1109452.522	579953.981	-7.272
gj001502	1109451.825	579951.876	-7.253
gj001503	1109450.596	579950.161	-7.286
gj001504	1109448.88	579948.908	-7.348
gj001505	1109446.72	579948.104	-7.145
gj001506	1109444.626	579947.716	-7.069
gj001507	1109442.351	579947.539	-7.076
gj001508	1109440.349	579947.519	-7.064
gj001509	1109438.267	579947.597	-7.123
gj001510	1109436.127	579947.749	-7.13
gj001511	1109433.938	579947.954	-7.152
gj001512	1109431.72	579948.201	-7.063
gj001513	1109429.505	579948.453	-7.07
gj001514	1109427.292	579948.695	-7.132
gj001515	1109425.069	579948.855	-7.11
gj001516	1109422.861	579948.916	-7.029
gj001517	1109420.677	579948.872	-6.912
gj001518	1109418.532	579948.707	-6.898
gj001519	1109416.421	579948.482	-6.895
gj001520	1109414.337	579948.198	-6.901
gj001521	1109412.255	579947.863	-6.888
gj001522	1109410.184	579947.484	-6.81
gj001523	1109408.139	579947.114	-6.803
gj001524	1109406.116	579946.739	-6.677
gj001525	1109404.083	579946.392	-6.529
gj001526	1109402.053	579946.082	-6.475
gj001527	1109400.025	579945.81	-6.373
gj001528	1109397.989	579945.584	-6.274
gj001529	1109395.943	579945.397	-6.185
gj001530	1109393.889	579945.252	-6.142
gj001531	1109391.825	579945.156	-5.97
gj001532	1109389.743	579945.122	-5.967
gj001533	1109387.644	579945.121	-6.163
gj001534	1109385.509	579945.123	-6.168
gj001535	1109383.347	579945.093	-6.125
gj001536	1109381.165	579945.029	-6.129
gj001537	1109379.003	579944.957	-6.099
gj001538	1109376.872	579944.888	-6.039
gj001539	1109374.751	579944.824	-5.996
gj001540	1109372.635	579944.783	-5.921
gj001541	1109370.538	579944.728	-5.864
gj001542	1109368.446	579944.671	-5.683
gj001543	1109366.364	579944.624	-5.608
gj001544	1109364.291	579944.588	-5.541
gj001545	1109362.215	579944.572	-5.487
gj001546	1109360.144	579944.562	-5.467
gj001547	1109358.072	579944.571	-5.626
gj001548	1109356.008	579944.608	-5.675
gj001549	1109353.948	579944.64	-5.864
gj001550	1109351.884	579944.685	-5.947
gj001551	1109349.817	579944.717	-6.12
gj001552	1109347.753	579944.743	-6.109
gj001553	1109345.695	579944.773	-6.188
gj001554	1109343.639	579944.808	-6.253
gj001555	1109341.588	579944.851	-6.265
gj001556	1109339.541	579944.898	-6.347
gj001557	1109337.488	579944.936	-6.239
gj001558	1109335.427	579944.964	-6.305
gj001559	1109333.371	579944.992	-6.3
gj001560	1109331.333	579945.042	-6.24
gj001561	1109329.297	579945.118	-6.244
gj001562	1109327.249	579945.212	-6.226
gj001563	1109325.193	579945.301	-6.212
gj001564	1109323.136	579945.401	-6.136
gj001565	1109321.082	579945.512	-6.177
gj001566	1109319.027	579945.631	-6.118
gj001567	1109316.969	579945.742	-6.115
gj001568	1109314.905	579945.828	-6.139
gj001569	1109312.836	579945.909	-6.101
gj001570	1109310.774	579945.984	-6.088
gj001571	1109308.713	579946.07	-6.092
gj001572	1109306.655	579946.16	-6.115
gj001573	1109304.595	579946.245	-6.049
gj001574	1109302.535	579946.32	-5.982
gj001575	1109300.477	579946.384	-5.946
gj001576	1109298.42	579946.438	-5.896
gj001577	1109296.364	579946.487	-5.776
gj001578	1109294.305	579946.539	-5.636
gj001579	1109292.245	579946.592	-5.485
gj001580	1109290.188	579946.64	-5.366
gj001581	1109288.127	579946.697	-5.36
gj001582	1109286.061	579946.758	-5.342
gj001583	1109284	579946.83	-5.143
gj001584	1109281.934	579946.89	-5.189
gj001585	1109279.869	579946.961	-5.229
gj001586	1109277.801	579947.014	-5.251
gj001587	1109275.738	579947.064	-5.213
gj001588	1109273.675	579947.091	-5.272
gj001589	1109271.618	579947.11	-5.197
gj001590	1109269.565	579947.125	-5.212
gj001591	1109267.515	579947.139	-5.281
gj001592	1109265.467	579947.157	-5.148
gj001593	1109263.428	579947.186	-5.025
gj001594	1109261.381	579947.215	-5.021
gj001595	1109259.323	579947.256	-5.046
gj001596	1109257.259	579947.293	-5.096
gj001597	1109255.193	579947.341	-5.271
gj001598	1109253.135	579947.405	-5.363
gj001599	1109251.081	579947.489	-5.333
gj001600	1109249.026	579947.583	-5.216
gj001601	1109246.969	579947.675	-5.368
gj001602	1109244.915	579947.769	-5.296
gj001603	1109242.87	579947.87	-5.215
gj001604	1109240.83	579947.982	-5.28
gj001605	1109238.802	579948.11	-5.381
gj001606	1109236.778	579948.25	-5.365
gj001607	1109234.755	579948.408	-5.374
gj001608	1109232.727	579948.573	-5.467
gj001609	1109230.695	579948.747	-5.441
gj001610	1109228.655	579948.92	-5.484
gj001611	1109226.614	579949.095	-5.555
gj001612	1109224.568	579949.274	-5.588
gj001613	1109222.512	579949.441	-5.8
gj001614	1109220.442	579949.592	-5.9
gj001615	1109218.368	579949.704	-6.147
gj001616	1109216.299	579949.79	-6.3
gj001617	1109214.233	579949.849	-6.423
gj001618	1109212.173	579949.889	-6.466
gj001619	1109210.11	579949.905	-6.494
gj001620	1109208.056	579949.919	-6.446
gj001621	1109206.008	579949.935	-6.422
gj001622	1109203.967	579949.971	-6.393
gj001623	1109201.929	579950.03	-6.299
gj001624	1109199.879	579950.094	-6.246
gj001625	1109197.824	579950.169	-6.128
gj001626	1109195.757	579950.227	-6.048
gj001627	1109193.683	579950.28	-6.061
gj001628	1109191.603	579950.314	-6.051
gj001629	1109189.525	579950.333	-6.114
gj001630	1109187.438	579950.345	-6.006
gj001631	1109185.345	579950.342	-5.78
gj001632	1109183.246	579950.326	-5.714
gj001633	1109181.148	579950.304	-5.591
gj001634	1109179.047	579950.267	-5.513
gj001635	1109176.967	579950.212	-5.399
gj001636	1109174.949	579950.184	-5.292
gj001637	1109172.62	579950.136	-5.282
gj001638	1109170.363	579950.1	-5.334
gj001639	1109168.163	579950.067	-5.277
gj001640	1109166.011	579950.037	-5.198
gj001641	1109163.941	579950.088	-5.18
gj001642	1109161.63	579950.293	-5.304
gj001643	1109159.541	579950.554	-5.506
gj001644	1109157.222	579950.852	-5.637
gj001645	1109155.188	579951.135	-5.768
gj001646	1109153.128	579951.485	-5.772
gj001647	1109151.101	579951.936	-5.909
gj001648	1109148.92	579952.665	-5.934
gj001649	1109146.921	579953.695	-6.105
gj001650	1109145.319	579955.072	-6.307
gj001651	1109144.187	579956.722	-6.552
gj001652	1109143.595	579958.648	-6.598
gj001653	1109143.63	579960.65	-6.644
gj001654	1109144.321	579962.735	-6.074
gj001655	1109145.53	579964.588	-5.99
gj001656	1109147.075	579966.096	-6.054
gj001657	1109148.757	579967.232	-6.278
gj001658	1109150.721	579968.153	-6.29
gj001659	1109152.904	579968.724	-6.312
gj001660	1109155.217	579968.948	-6.35
gj001661	1109157.244	579968.853	-6.479
gj001662	1109159.26	579968.438	-6.392
gj001663	1109161.264	579967.748	-6.374
gj001664	1109163.291	579966.754	-6.329
gj001665	1109165.033	579965.702	-6.369
gj001666	1109166.806	579964.455	-6.495
gj001667	1109168.622	579963.061	-6.712
gj001668	1109170.465	579961.547	-6.898
gj001669	1109172.348	579959.993	-6.918
gj001670	1109174.238	579958.475	-6.727
gj001671	1109176.156	579957.024	-6.534
gj001672	1109178.095	579955.653	-6.462
gj001673	1109180.07	579954.365	-6.39
gj001674	1109182.062	579953.16	-6.27
gj001675	1109184.085	579952.047	-6.092
gj001676	1109186.144	579951.03	-5.902
gj001677	1109188.217	579950.06	-5.75
gj001678	1109190.302	579949.147	-5.451
gj001679	1109192.408	579948.278	-5.131
gj001680	1109194.548	579947.47	-4.817
gj001681	1109196.73	579946.752	-4.484
gj001682	1109198.935	579946.146	-4.257
gj001683	1109201.147	579945.641	-3.981
gj001684	1109203.353	579945.215	-3.896
gj001685	1109205.564	579944.842	-3.796
gj001686	1109207.787	579944.548	-3.758
gj001687	1109210.024	579944.314	-3.768
gj001688	1109212.266	579944.155	-3.765
gj001689	1109214.511	579944.013	-3.797
gj001690	1109216.751	579943.899	-3.683
gj001691	1109219.002	579943.803	-3.634
gj001692	1109221.266	579943.75	-3.472
gj001693	1109223.538	579943.743	-3.401
gj001694	1109225.805	579943.758	-3.431
gj001695	1109228.069	579943.774	-3.446
gj001696	1109230.329	579943.78	-3.462
gj001697	1109232.592	579943.788	-3.469
gj001698	1109234.862	579943.792	-3.442
gj001699	1109237.142	579943.8	-3.473
gj001700	1109239.427	579943.805	-3.299
gj001701	1109241.712	579943.793	-3.368
gj001702	1109243.994	579943.763	-3.334
gj001703	1109246.282	579943.716	-3.1
gj001704	1109248.575	579943.654	-3.345
gj001705	1109250.873	579943.591	-3.41
gj001706	1109253.188	579943.534	-3.207
gj001707	1109255.511	579943.489	-3.279
gj001708	1109257.837	579943.452	-3.18
gj001709	1109260.155	579943.396	-3.428
gj001710	1109262.472	579943.324	-3.439
gj001711	1109264.796	579943.25	-3.533
gj001712	1109267.129	579943.202	-3.546
gj001713	1109269.471	579943.18	-3.528
gj001714	1109271.805	579943.172	-3.536
gj001715	1109274.129	579943.17	-3.567
gj001716	1109276.448	579943.177	-3.561
gj001717	1109278.765	579943.221	-3.697
gj001718	1109281.084	579943.301	-3.739
gj001719	1109283.397	579943.409	-3.948
gj001720	1109285.69	579943.518	-4.03
gj001721	1109287.969	579943.607	-4.194
gj001722	1109290.24	579943.682	-4.283
gj001723	1109292.488	579943.698	-4.503
gj001724	1109294.668	579943.651	-4.619
gj001725	1109296.842	579943.526	-4.943
gj001726	1109299.015	579943.355	-5.084
gj001727	1109301.211	579943.165	-5.134
gj001728	1109303.438	579942.994	-5.041
gj001729	1109305.678	579942.847	-4.92
gj001730	1109307.914	579942.7	-4.782
gj001731	1109310.133	579942.544	-4.528
gj001732	1109312.351	579942.402	-4.634
gj001733	1109314.574	579942.289	-4.705
gj001734	1109316.793	579942.171	-4.864
gj001735	1109318.982	579942.01	-4.75
gj001736	1109321.124	579941.792	-4.72
gj001737	1109323.264	579941.563	-4.303
gj001738	1109325.426	579941.353	-4.415
gj001739	1109327.606	579941.203	-4.28
gj001740	1109329.783	579941.084	-4.465
gj001741	1109331.95	579940.996	-4.471
gj001742	1109334.103	579940.923	-4.43
gj001743	1109336.249	579940.862	-3.994
gj001744	1109338.391	579940.801	-3.714
gj001745	1109340.519	579940.735	-3.572
gj001746	1109342.628	579940.65	-3.495
gj001747	1109344.734	579940.536	-3.495
gj001748	1109346.841	579940.397	-3.412
gj001749	1109348.953	579940.262	-3.283
gj001750	1109351.078	579940.136	-3.266
gj001751	1109353.209	579940.018	-3.077
gj001752	1109355.333	579939.897	-2.826
gj001753	1109357.456	579939.756	-2.756
gj001754	1109359.571	579939.596	-2.483
gj001755	1109361.686	579939.447	-2.429
gj001756	1109363.822	579939.316	-2.577
gj001757	1109365.96	579939.22	-2.748
gj001758	1109368.082	579939.139	-2.99
gj001759	1109370.205	579939.101	-3.158
gj001760	1109372.33	579939.093	-3.026
gj001761	1109374.431	579939.108	-3.276
gj001762	1109376.506	579939.113	-3.59
gj001763	1109378.574	579939.088	-3.282
gj001764	1109380.629	579939.046	-2.991
gj001765	1109382.67	579939.029	-3.108
gj001766	1109384.695	579939.042	-2.832
gj001767	1109386.708	579939.065	-2.987
gj001768	1109389.084	579939.11	-2.952
gj001769	1109391.44	579939.148	-2.48
gj001770	1109393.797	579939.198	-2.402
gj001771	1109396.162	579939.277	-2.313
gj001772	1109398.529	579939.402	-2.239
gj001773	1109400.903	579939.564	-2.193
gj001774	1109403.278	579939.749	-2.29
gj001775	1109405.66	579939.926	-2.732
gj001776	1109407.658	579940.068	-2.834
gj001777	1109409.67	579940.26	-2.734
gj001778	1109411.686	579940.497	-2.974
gj001779	1109413.673	579940.825	-3.898
gj001780	1109415.635	579941.222	-4.019
gj001781	1109417.935	579941.821	-4.497
gj001782	1109420.18	579942.52	-4.941
gj001783	1109422.326	579943.369	-5.4
gj001784	1109424.361	579944.365	-5.827
gj001785	1109426.306	579945.543	-6.239
gj001786	1109428.156	579946.885	-6.613
gj001787	1109429.897	579948.401	-6.934
gj001788	1109431.57	579950.046	-7.363
gj001789	1109433.17	579951.83	-7.435
gj001790	1109434.471	579953.403	-7.409
gj001791	1109435.778	579955.002	-7.315
gj001792	1109437.1	579956.589	-7.372
gj001793	1109438.458	579958.163	-7.01
gj001794	1109439.907	579959.699	-6.918
gj001795	1109441.506	579961.165	-6.933
gj001796	1109443.231	579962.431	-6.914
gj001797	1109445.039	579963.477	-6.885
gj001798	1109446.922	579964.294	-6.842
gj001799	1109448.841	579964.88	-6.83
gj001800	1109451.163	579965.27	-6.807
gj001801	1109453.465	579965.337	-6.821
gj001802	1109455.715	579965.093	-6.851
gj001803	1109457.863	579964.556	-6.848
gj001804	1109459.864	579963.749	-6.859
gj001805	1109461.671	579962.695	-6.995
gj001806	1109463.249	579961.439	-6.976
gj001807	1109464.764	579959.779	-7.076
gj001808	1109465.861	579957.942	-7.173
gj001809	1109466.501	579955.981	-7.092
gj001810	1109466.612	579953.764	-7.193
gj001811	1109466.107	579951.702	-7.086
gj001812	1109465.118	579949.908	-6.995
gj001813	1109463.805	579948.346	-7.055
gj001814	1109462.167	579947.035	-6.712
gj001815	1109460.293	579946.003	-6.471
gj001816	1109458.207	579945.246	-6.236
gj001817	1109456.218	579944.703	-5.965
gj001818	1109454.157	579944.21	-5.621
gj001819	1109452.139	579943.778	-5.438
gj001820	1109450.15	579943.446	-5.385
gj001821	1109447.896	579943.148	-5.15
gj001822	1109445.635	579942.867	-4.889
gj001823	1109443.632	579942.595	-4.655
gj001824	1109441.635	579942.324	-4.742
gj001825	1109439.379	579942.022	-4.265
gj001826	1109437.14	579941.765	-4.127
gj001827	1109434.894	579941.503	-3.93
gj001828	1109432.634	579941.22	-3.825
gj001829	1109430.647	579940.95	-3.634
gj001830	1109428.652	579940.712	-3.112
gj001831	1109426.655	579940.497	-2.779
gj001832	1109424.666	579940.272	-3.224
gj001833	1109422.671	579940.035	-3.248
gj001834	1109420.411	579939.804	-3.132
gj001835	1109418.152	579939.605	-3.089
gj001836	1109416.159	579939.426	-2.525
gj001837	1109414.139	579939.167	-2.609
gj001838	1109412.111	579938.834	-1.933
gj001839	1109410.114	579938.546	-1.527
gj001840	1109408.103	579938.276	-1.518
gj001841	1109406.075	579937.985	-1.452
gj001842	1109404.063	579937.735	-1.246
gj001843	1109402.065	579937.548	-1.122
gj001844	1109400.041	579937.385	-0.968
gj001845	1109397.984	579937.197	-1.008
gj001846	1109395.919	579936.998	-0.952
gj001847	1109393.877	579936.852	-0.998
gj001848	1109391.863	579936.807	-1.059
gj001849	1109389.815	579936.734	-1.264
gj001850	1109387.603	579936.636	-1.412
gj001851	1109385.554	579936.512	-1.496
gj001852	1109383.424	579936.358	-1.608
gj001853	1109381.26	579936.194	-1.582
gj001854	1109379.234	579936.122	-1.372
gj001855	1109377.105	579936.184	-1.401
gj001856	1109375.102	579936.282	-1.548
gj001857	1109373.027	579936.373	-1.483
gj001858	1109370.954	579936.457	-1.63
gj001859	1109368.781	579936.648	-1.963
gj001860	1109366.764	579937.003	-1.983
gj001861	1109364.663	579937.283	-1.681
gj001862	1109362.504	579937.337	-1.432
gj001863	1109360.4	579937.364	-1.26
gj001864	1109358.224	579937.478	-1.356
gj001865	1109356.049	579937.619	-1.457
gj001866	1109354.02	579937.642	-1.638
gj001867	1109351.986	579937.685	-1.704
gj001868	1109349.925	579937.648	-1.635
gj001869	1109347.748	579937.649	-1.595
gj001870	1109345.717	579937.838	-1.849
gj001871	1109343.652	579938.006	-1.894
gj001872	1109341.528	579938.131	-2.103
gj001873	1109339.399	579938.285	-1.913
gj001874	1109337.302	579938.514	-2.028
gj001875	1109335.209	579938.799	-2.477
gj001876	1109333.111	579939.142	-2.476
gj001877	1109331.059	579939.587	-2.914
gj001878	1109328.974	579940.163	-4.204
gj001879	1109326.914	579940.786	-4.669
gj001880	1109324.993	579941.362	-4.994
gj001881	1109323.068	579941.908	-5.289
gj001882	1109321.05	579942.364	-5.395
gj001883	1109318.927	579942.724	-5.549
gj001884	1109316.73	579943.03	-5.622
gj001885	1109314.705	579943.252	-5.489
gj001886	1109312.622	579943.409	-5.613
gj001887	1109310.524	579943.523	-5.569
gj001888	1109308.435	579943.645	-5.54
gj001889	1109306.362	579943.827	-5.504
gj001890	1109304.274	579944.007	-5.53
gj001891	1109302.201	579944.21	-5.274
gj001892	1109300.102	579944.392	-5.273
gj001893	1109298.065	579944.565	-5.338
gj001894	1109296.015	579944.765	-5.344
gj001895	1109293.99	579944.967	-5.176
gj001896	1109291.987	579945.117	-5.126
gj001897	1109289.955	579945.535	-5.116
gj001898	1109287.991	579946.103	-5.167
gj001899	1109286.002	579946.656	-5.342
gj001900	1109284.073	579947.235	-5.26
gj001901	1109282.087	579947.883	-5.588
gj001902	1109280.081	579948.623	-5.682
gj001903	1109278.026	579949.404	-5.889
gj001904	1109275.957	579950.232	-6.026
gj001905	1109274.097	579950.993	-6.191
gj001906	1109272.22	579951.762	-6.346
gj001907	1109270.35	579952.557	-6.476
gj001908	1109268.453	579953.339	-6.642
gj001909	1109266.485	579953.991	-6.755
gj001910	1109264.481	579954.434	-6.719
gj001911	1109262.495	579954.756	-6.763
gj001912	1109260.271	579955.101	-6.806
gj001913	1109258.147	579955.343	-6.807
gj001914	1109255.896	579955.528	-6.903
gj001915	1109253.843	579955.671	-6.892
gj001916	1109251.685	579955.814	-6.922
gj001917	1109249.424	579955.928	-6.897
gj001918	1109247.419	579956.006	-6.856
gj001919	1109245.356	579956.106	-6.885
gj001920	1109243.22	579956.227	-6.763
gj001921	1109241.009	579956.35	-6.825
gj001922	1109238.745	579956.465	-6.779
gj001923	1109236.433	579956.609	-6.79
gj001924	1109234.072	579956.765	-6.714
gj001925	1109232.07	579956.888	-6.628
gj001926	1109230.041	579957.012	-6.51
gj001927	1109227.99	579957.14	-6.432
gj001928	1109225.924	579957.266	-6.312
gj001929	1109223.841	579957.396	-6.209
gj001930	1109221.742	579957.514	-6.192
gj001931	1109219.634	579957.636	-5.992
gj001932	1109217.526	579957.751	-5.903
gj001933	1109215.412	579957.871	-5.904
gj001934	1109213.297	579957.991	-5.804
gj001935	1109211.178	579958.113	-5.92
gj001936	1109209.054	579958.223	-6.18
gj001937	1109206.926	579958.326	-6.248
gj001938	1109204.797	579958.415	-6.42
gj001939	1109202.672	579958.497	-6.483
gj001940	1109200.555	579958.585	-6.576
gj001941	1109198.44	579958.67	-6.715
gj001942	1109196.323	579958.759	-6.659
gj001943	1109194.208	579958.845	-6.73
gj001944	1109192.094	579958.935	-6.745
gj001945	1109189.996	579959.037	-6.863
gj001946	1109187.898	579959.149	-6.733
gj001947	1109185.795	579959.264	-6.777
gj001948	1109183.687	579959.376	-6.777
gj001949	1109181.581	579959.486	-6.777
gj001950	1109179.474	579959.594	-6.774
gj001951	1109177.366	579959.692	-6.774
gj001952	1109175.267	579959.806	-6.777
gj001953	1109173.171	579959.93	-6.776
gj001954	1109171.108	579960.048	-6.771
gj001955	1109168.735	579960.195	-6.771
gj001956	1109166.436	579960.316	-6.672
gj001957	1109164.211	579960.39	-6.532
gj001958	1109162.044	579960.414	-6.445
gj001959	1109159.944	579960.434	-6.46
gj001960	1109157.894	579960.446	-6.397
gj001961	1109155.867	579960.481	-6.36
gj001962	1109153.865	579960.519	-6.354
gj001963	1109151.545	579960.581	-6.357
gj001964	1109149.29	579960.686	-6.357
gj001965	1109147.146	579960.838	-6.354
gj001966	1109145.081	579961.038	-6.359
gj001967	1109143.092	579961.282	-6.345
gj001968	1109140.913	579961.62	-6.351
gj001969	1109138.852	579962.083	-6.294
gj001970	1109136.847	579962.848	-6.415
gj001971	1109135.114	579964.003	-6.283
gj001972	1109133.742	579965.5	-6.039
gj001973	1109132.987	579967.47	-6.051
gj001974	1109132.842	579969.606	-6.248
gj001975	1109133.314	579971.575	-6.538
gj001976	1109134.252	579973.419	-6.381
gj001977	1109135.463	579975.027	-6.29
gj001978	1109137.03	579976.498	-6.202
gj001979	1109138.717	579977.618	-6.342
gj001980	1109140.576	579978.54	-6.271
gj001981	1109142.638	579979.209	-6.139
gj001982	1109144.65	579979.67	-6.13
gj001983	1109146.84	579980.029	-5.975
gj001984	1109149.201	579980.296	-5.924
gj001985	1109151.324	579980.458	-5.993
gj001986	1109153.521	579980.591	-6.101
gj001987	1109155.802	579980.699	-6.2
gj001988	1109158.158	579980.756	-6.281
gj001989	1109160.54	579980.786	-6.224
gj001990	1109162.987	579980.778	-6.261
gj001991	1109165.478	579980.761	-6.275
gj001992	1109167.975	579980.747	-6.122
gj001993	1109170.026	579980.731	-6.144
gj001994	1109172.055	579980.712	-6.036
gj001995	1109174.139	579980.68	-6.096
gj001996	1109176.288	579980.628	-6.053
gj001997	1109178.508	579980.582	-6.078
gj001998	1109180.76	579980.536	-6.078
gj001999	1109183.014	579980.491	-6.06
gj002000	1109185.311	579980.451	-6.107
gj002001	1109187.572	579980.429	-6.082
gj002002	1109189.894	579980.408	-6.197
gj002003	1109192.172	579980.387	-6.165
gj002004	1109194.5	579980.364	-6.24
gj002005	1109196.803	579980.355	-6.189
gj002006	1109199.121	579980.337	-6.207
gj002007	1109201.451	579980.318	-6.233
gj002008	1109203.758	579980.318	-6.19
gj002009	1109206.093	579980.299	-6.235
gj002010	1109208.401	579980.294	-6.185
gj002011	1109210.736	579980.298	-6.233
gj002012	1109213.046	579980.302	-6.19
gj002013	1109215.374	579980.317	-6.223
gj002014	1109217.685	579980.331	-6.246
gj002015	1109220.003	579980.344	-6.218
gj002016	1109222.305	579980.344	-6.186
gj002017	1109224.586	579980.329	-6.134
gj002018	1109226.882	579980.29	-6.089
gj002019	1109229.156	579980.237	-6.061
gj002020	1109231.467	579980.158	-5.955
gj002021	1109233.753	579980.094	-5.872
gj002022	1109236.07	579980.024	-5.81
gj002023	1109238.383	579979.98	-5.759
gj002024	1109240.705	579979.967	-5.649
gj002025	1109243.027	579979.989	-5.666
gj002026	1109245.351	579980.054	-5.609
gj002027	1109247.662	579980.13	-5.507
gj002028	1109249.979	579980.225	-5.484
gj002029	1109252.283	579980.304	-5.528
gj002030	1109254.594	579980.429	-5.561
gj002031	1109256.921	579980.583	-5.658
gj002032	1109259.222	579980.788	-5.707
gj002033	1109261.536	579981.019	-5.711
gj002034	1109263.825	579981.264	-5.724
gj002035	1109266.121	579981.495	-5.796
gj002036	1109268.405	579981.768	-5.797
gj002037	1109270.689	579982.003	-5.788
gj002038	1109272.996	579982.258	-5.793
gj002039	1109275.259	579982.501	-5.803
gj002040	1109277.568	579982.742	-5.869
gj002041	1109279.82	579982.96	-5.931
gj002042	1109282.131	579983.178	-5.954
gj002043	1109284.399	579983.386	-5.999
gj002044	1109286.7	579983.586	-6.089
gj002045	1109288.952	579983.741	-6.157
gj002046	1109291.212	579983.864	-6.177
gj002047	1109293.475	579983.947	-6.133
gj002048	1109295.747	579983.991	-6.163
gj002049	1109298.01	579984.037	-6.213
gj002050	1109300.282	579984.055	-6.145
gj002051	1109302.557	579984.057	-6.157
gj002052	1109304.824	579984.019	-6.164
gj002053	1109307.055	579983.924	-6.175
gj002054	1109309.257	579983.763	-6.147
gj002055	1109311.448	579983.537	-6.168
gj002056	1109313.627	579983.246	-6.188
gj002057	1109315.801	579982.912	-6.18
gj002058	1109317.95	579982.511	-6.144
gj002059	1109320.133	579982.114	-6.152
gj002060	1109322.325	579981.68	-6.212
gj002061	1109324.546	579981.265	-6.184
gj002062	1109326.741	579980.812	-6.214
gj002063	1109328.965	579980.365	-6.243
gj002064	1109331.15	579979.852	-6.25
gj002065	1109333.383	579979.366	-6.276
gj002066	1109335.562	579978.811	-6.309
gj002067	1109337.802	579978.288	-6.37
gj002068	1109339.968	579977.704	-6.323
gj002069	1109342.242	579977.177	-6.368
gj002070	1109344.415	579976.602	-6.383
gj002071	1109346.707	579976.085	-6.475
gj002072	1109348.873	579975.518	-6.443
gj002073	1109351.166	579975.031	-6.425
gj002074	1109353.379	579974.545	-6.439
gj002075	1109355.693	579974.136	-6.439
gj002076	1109357.934	579973.748	-6.481
gj002077	1109360.247	579973.43	-6.467
gj002078	1109362.527	579973.12	-6.471
gj002079	1109364.854	579972.881	-6.496
gj002080	1109367.132	579972.629	-6.462
gj002081	1109369.43	579972.407	-6.55
gj002082	1109371.714	579972.171	-6.488
gj002083	1109374.029	579971.97	-6.437
gj002084	1109376.343	579971.778	-6.483
gj002085	1109378.665	579971.626	-6.472
gj002086	1109380.998	579971.483	-6.493
gj002087	1109383.299	579971.348	-6.458
gj002088	1109385.628	579971.216	-6.458
gj002089	1109387.932	579971.094	-6.516
gj002090	1109390.263	579970.97	-6.473
gj002091	1109392.584	579970.856	-6.503
gj002092	1109394.906	579970.757	-6.469
gj002093	1109397.242	579970.672	-6.435
gj002094	1109399.57	579970.604	-6.468
gj002095	1109401.902	579970.54	-6.461
gj002096	1109404.221	579970.479	-6.432
gj002097	1109406.539	579970.427	-6.447
gj002098	1109408.866	579970.383	-6.454
gj002099	1109411.177	579970.338	-6.468
gj002100	1109413.508	579970.31	-6.497
gj002101	1109415.838	579970.31	-6.56
gj002102	1109418.171	579970.343	-6.484
gj002103	1109420.512	579970.405	-6.533
gj002104	1109422.834	579970.491	-6.578
gj002105	1109425.163	579970.586	-6.454
gj002106	1109427.487	579970.697	-6.472
gj002107	1109429.797	579970.815	-6.481
gj002108	1109432.124	579970.955	-6.442
gj002109	1109434.44	579971.143	-6.459
gj002110	1109436.76	579971.406	-6.457
gj002111	1109439.067	579971.77	-6.46
gj002112	1109441.323	579972.224	-6.42
gj002113	1109443.542	579972.689	-6.434
gj002114	1109445.678	579973.117	-6.369
gj002115	1109447.736	579973.395	-6.335
gj002116	1109450.186	579973.542	-6.359
gj002117	1109452.472	579973.45	-6.338
gj002118	1109454.578	579973.18	-6.424
gj002119	1109456.888	579972.628	-6.396
gj002120	1109458.969	579971.877	-6.508
gj002121	1109460.83	579970.941	-6.47
gj002122	1109462.714	579969.651	-6.516
gj002123	1109464.276	579968.175	-6.691
gj002124	1109465.508	579966.566	-6.896
gj002125	1109466.483	579964.648	-6.898
gj002126	1109467.018	579962.51	-6.962
gj002127	1109466.957	579960.311	-7.114
gj002128	1109466.176	579958.456	-7.091
gj002129	1109464.485	579957.058	-7.162
gj002130	1109462.468	579956.483	-7.149
gj002131	1109460.211	579956.41	-7.18
gj002132	1109457.916	579956.661	-7.204
gj002133	1109455.831	579957.097	-7.147
gj002134	1109453.675	579957.73	-7.212
gj002135	1109451.498	579958.544	-7.253
gj002136	1109449.638	579959.316	-7.058
gj002137	1109447.741	579960.165	-7.007
gj002138	1109445.767	579960.961	-6.929
gj002139	1109443.795	579961.671	-6.9
gj002140	1109441.854	579962.267	-6.923
gj002141	1109439.567	579962.858	-6.909
gj002142	1109437.291	579963.257	-6.895
gj002143	1109435.057	579963.434	-6.876
gj002144	1109432.864	579963.417	-6.856
gj002145	1109430.691	579963.218	-6.891
gj002146	1109428.562	579962.863	-6.88
gj002147	1109426.477	579962.43	-6.97
gj002148	1109424.413	579961.975	-6.973
gj002149	1109422.346	579961.504	-6.973
gj002150	1109420.261	579961.033	-6.965
gj002151	1109418.165	579960.618	-6.97
gj002152	1109416.055	579960.232	-7.008
gj002153	1109413.915	579959.884	-7.003
gj002154	1109411.758	579959.587	-7.009
gj002155	1109409.595	579959.36	-7.003
gj002156	1109407.403	579959.194	-6.923
gj002157	1109405.176	579959.083	-6.918
gj002158	1109402.914	579959.028	-6.77
gj002159	1109400.62	579959.009	-6.686
gj002160	1109398.323	579959.024	-6.636
gj002161	1109396.043	579959.118	-6.64
gj002162	1109393.769	579959.281	-6.641
gj002163	1109391.477	579959.475	-6.634
gj002164	1109389.159	579959.67	-6.639
gj002165	1109386.819	579959.817	-6.636
gj002166	1109384.466	579959.881	-6.641
gj002167	1109382.115	579959.841	-6.65
gj002168	1109379.776	579959.706	-6.654
gj002169	1109377.442	579959.52	-6.654
gj002170	1109375.092	579959.242	-6.636
gj002171	1109372.741	579958.885	-6.73
gj002172	1109370.415	579958.452	-6.692
gj002173	1109368.126	579958.015	-6.664
gj002174	1109365.858	579957.607	-6.621
gj002175	1109363.594	579957.236	-6.618
gj002176	1109361.322	579956.915	-6.555
gj002177	1109359.056	579956.678	-6.555
gj002178	1109356.8	579956.535	-6.52
gj002179	1109354.548	579956.485	-6.463
gj002180	1109352.286	579956.497	-6.458
gj002181	1109350.002	579956.565	-6.431
gj002182	1109347.714	579956.687	-6.432
gj002183	1109345.426	579956.865	-6.405
gj002184	1109343.127	579957.078	-6.38
gj002185	1109340.81	579957.291	-6.384
gj002186	1109338.478	579957.482	-6.349
gj002187	1109336.142	579957.672	-6.369
gj002188	1109333.809	579957.862	-6.405
gj002189	1109331.472	579958.076	-6.413
gj002190	1109329.131	579958.31	-6.475
gj002191	1109326.788	579958.573	-6.468
gj002192	1109324.441	579958.853	-6.51
gj002193	1109322.174	579959.229	-6.538
gj002194	1109319.968	579959.668	-6.573
gj002195	1109317.778	579960.188	-6.527
gj002196	1109315.598	579960.745	-6.493
gj002197	1109313.424	579961.323	-6.498
gj002198	1109311.301	579961.942	-6.496
gj002199	1109309.242	579962.627	-6.445
gj002200	1109307.18	579963.36	-6.444
gj002201	1109305.096	579964.096	-6.373
gj002202	1109303.02	579964.783	-6.354
gj002203	1109300.984	579965.487	-6.315
gj002204	1109298.942	579966.199	-6.325
gj002205	1109296.853	579966.862	-6.28
gj002206	1109294.751	579967.442	-6.286
gj002207	1109292.666	579967.948	-6.317
gj002208	1109290.573	579968.406	-6.278
gj002209	1109288.449	579968.835	-6.258
gj002210	1109286.306	579969.197	-6.303
gj002211	1109284.18	579969.524	-6.204
gj002212	1109282.054	579969.866	-6.378
gj002213	1109279.887	579970.215	-6.142
gj002214	1109277.651	579970.529	-6.146
gj002215	1109275.381	579970.782	-6.12
gj002216	1109273.116	579971.001	-6.115
gj002217	1109270.858	579971.222	-6.097
gj002218	1109268.585	579971.46	-6.115
gj002219	1109266.277	579971.67	-6.118
gj002220	1109263.937	579971.825	-6.04
gj002221	1109261.609	579971.971	-5.968
gj002222	1109259.306	579972.141	-5.974
gj002223	1109257.023	579972.364	-5.957
gj002224	1109254.737	579972.598	-5.957
gj002225	1109252.431	579972.829	-5.891
gj002226	1109250.096	579973.025	-5.835
gj002227	1109247.744	579973.189	-5.762
gj002228	1109245.389	579973.343	-5.801
gj002229	1109243.044	579973.497	-5.898
gj002230	1109240.706	579973.666	-5.925
gj002231	1109238.361	579973.819	-6.001
gj002232	1109235.998	579973.954	-6.046
gj002233	1109233.617	579974.072	-6.1
gj002234	1109231.247	579974.179	-6.175
gj002235	1109228.889	579974.277	-6.241
gj002236	1109226.528	579974.367	-6.283
gj002237	1109224.158	579974.444	-6.311
gj002238	1109221.777	579974.504	-6.345
gj002239	1109219.39	579974.547	-6.392
gj002240	1109217.004	579974.563	-6.389
gj002241	1109214.61	579974.571	-6.365
gj002242	1109212.222	579974.565	-6.339
gj002243	1109209.833	579974.559	-6.391
gj002244	1109207.455	579974.551	-6.462
gj002245	1109205.071	579974.522	-6.324
gj002246	1109203.069	579974.485	-6.346
gj002247	1109201.063	579974.437	-6.318
gj002248	1109198.675	579974.402	-6.332
gj002249	1109196.405	579974.536	-6.272
gj002250	1109194.369	579974.917	-6.284
gj002251	1109192.288	579975.689	-6.304
gj002252	1109190.286	579976.708	-6.37
gj002253	1109188.486	579977.654	-6.445
gj002254	1109186.602	579978.503	-6.451
gj002255	1109184.663	579979.063	-6.451
gj002256	1109182.542	579979.212	-6.46
gj002257	1109180.481	579978.794	-6.454
gj002258	1109178.697	579977.763	-6.338
gj002259	1109177.311	579976.125	-6.205
gj002260	1109176.547	579974.095	-6.16
gj002261	1109176.385	579972.071	-6.142
gj002262	1109176.685	579969.949	-6.219
gj002263	1109177.343	579968.013	-6.393
gj002264	1109178.24	579965.912	-6.454
gj002265	1109179.187	579963.896	-6.582
gj002266	1109180.081	579962.089	-6.835
gj002267	1109181.167	579960.283	-6.893
gj002268	1109182.418	579958.534	-6.851
gj002269	1109183.808	579956.914	-6.755
gj002270	1109185.37	579955.449	-6.703
gj002271	1109186.986	579954.107	-6.588
gj002272	1109188.706	579952.932	-6.458
gj002273	1109190.53	579951.933	-6.266
gj002274	1109192.403	579951.091	-6.057
gj002275	1109194.329	579950.429	-5.846
gj002276	1109196.312	579949.89	-5.795
gj002277	1109198.358	579949.48	-5.77
gj002278	1109200.457	579949.207	-5.777
gj002279	1109202.61	579949.052	-5.778
gj002280	1109204.796	579949.042	-5.854
gj002281	1109206.988	579949.178	-6.076
gj002282	1109209.167	579949.456	-6.234
gj002283	1109211.359	579949.746	-6.398
gj002284	1109213.567	579949.998	-6.35
gj002285	1109215.815	579950.256	-6.294
gj002286	1109218.107	579950.532	-6.157
gj002287	1109220.439	579950.827	-5.983
gj002288	1109222.802	579951.118	-5.891
gj002289	1109224.805	579951.371	-5.82
gj002290	1109226.827	579951.594	-5.782
gj002291	1109228.853	579951.809	-5.809
gj002292	1109230.906	579951.993	-5.917
gj002293	1109232.987	579952.171	-5.967
gj002294	1109235.118	579952.331	-6.032
gj002295	1109237.345	579952.476	-6.136
gj002296	1109239.755	579952.6	-6.174
gj002297	1109241.779	579952.654	-6.219
gj002298	1109243.872	579952.674	-6.265
gj002299	1109246.02	579952.667	-6.222
gj002300	1109248.226	579952.645	-6.284
gj002301	1109250.47	579952.608	-6.345
gj002302	1109252.739	579952.547	-6.285
gj002303	1109255.018	579952.473	-6.322
gj002304	1109257.314	579952.388	-6.345
gj002305	1109259.623	579952.297	-6.292
gj002306	1109261.939	579952.206	-6.307
gj002307	1109264.267	579952.12	-6.278
gj002308	1109266.593	579952.031	-6.276
gj002309	1109268.925	579951.937	-6.223
gj002310	1109271.257	579951.848	-6.193
gj002311	1109273.597	579951.753	-6.14
gj002312	1109275.932	579951.662	-6.194
gj002313	1109278.278	579951.567	-6.112
gj002314	1109280.627	579951.525	-6.135
gj002315	1109282.991	579951.538	-6.117
gj002316	1109285.343	579951.621	-6.137
gj002317	1109287.688	579951.74	-6.16
gj002318	1109290.013	579951.892	-6.147
gj002319	1109292.349	579952.07	-5.998
gj002320	1109294.677	579952.264	-6.158
gj002321	1109297.004	579952.458	-6.254
gj002322	1109299.323	579952.661	-6.135
gj002323	1109301.634	579952.832	-6.16
gj002324	1109303.964	579952.98	-6.126
gj002325	1109306.262	579953.083	-6.115
gj002326	1109308.572	579953.14	-6.155
gj002327	1109310.859	579953.136	-6.171
gj002328	1109313.173	579953.102	-6.176
gj002329	1109315.48	579953.027	-6.164
gj002330	1109317.799	579952.927	-6.189
gj002331	1109320.106	579952.769	-6.169
gj002332	1109322.4	579952.569	-6.165
gj002333	1109324.699	579952.321	-6.225
gj002334	1109326.988	579952.045	-6.294
gj002335	1109329.301	579951.739	-6.401
gj002336	1109331.616	579951.426	-6.483
gj002337	1109333.939	579951.106	-6.505
gj002338	1109336.274	579950.799	-6.601
gj002339	1109338.609	579950.491	-6.588
gj002340	1109340.968	579950.204	-6.648
gj002341	1109343.314	579949.928	-6.612
gj002342	1109345.681	579949.682	-6.686
gj002343	1109348.052	579949.476	-6.574
gj002344	1109350.42	579949.388	-6.534
gj002345	1109352.779	579949.416	-6.484
gj002346	1109355.093	579949.57	-6.49
gj002347	1109357.397	579949.801	-6.406
gj002348	1109359.668	579950.11	-6.269
gj002349	1109361.958	579950.468	-6.172
gj002350	1109364.231	579950.863	-6.184
gj002351	1109366.509	579951.284	-6.092
gj002352	1109368.776	579951.735	-6.371
gj002353	1109371.071	579952.224	-6.443
gj002354	1109373.352	579952.762	-6.517
gj002355	1109375.635	579953.324	-6.643
gj002356	1109377.912	579953.916	-6.678
gj002357	1109380.165	579954.478	-6.697
gj002358	1109382.43	579955.019	-6.825
gj002359	1109384.672	579955.518	-6.845
gj002360	1109386.939	579955.999	-6.861
gj002361	1109389.215	579956.447	-6.888
gj002362	1109391.496	579956.878	-6.9
gj002363	1109393.792	579957.28	-6.855
gj002364	1109396.092	579957.643	-6.985
gj002365	1109398.396	579957.989	-6.885
gj002366	1109400.717	579958.309	-6.915
gj002367	1109403.032	579958.631	-6.947
gj002368	1109405.363	579958.936	-6.989
gj002369	1109407.673	579959.247	-7.022
gj002370	1109409.894	579959.547	-7.085
gj002371	1109412.031	579959.834	-7.076
gj002372	1109414.089	579960.051	-7.08
gj002373	1109416.54	579960.226	-7.088
gj002374	1109418.858	579960.261	-7.083
gj002375	1109421.057	579960.168	-7.09
gj002376	1109423.149	579959.942	-7.043
gj002377	1109425.509	579959.533	-7.084
gj002378	1109427.744	579958.999	-7.176
gj002379	1109429.993	579958.383	-7.267
gj002380	1109431.938	579957.86	-7.15
gj002381	1109433.939	579957.416	-7.234
gj002382	1109435.955	579957.081	-7.285
gj002383	1109437.958	579956.879	-7.32
gj002384	1109440.306	579956.797	-7.314
gj002385	1109442.602	579956.86	-7.309
gj002386	1109444.858	579957.072	-7.37
gj002387	1109447.107	579957.432	-7.405
gj002388	1109449.356	579957.938	-7.344
gj002389	1109451.576	579958.632	-7.226
gj002390	1109453.69	579959.51	-7.193
gj002391	1109455.644	579960.58	-7.056
gj002392	1109457.417	579961.793	-6.999
gj002393	1109459.086	579963.248	-6.935
gj002394	1109460.62	579965.05	-6.959
gj002395	1109461.699	579966.773	-6.715
gj002396	1109462.556	579968.656	-6.585
gj002397	1109463.18	579970.642	-6.455
gj002398	1109463.54	579972.7	-6.416
gj002399	1109463.665	579974.814	-6.295
gj002400	1109463.567	579976.96	-6.175
gj002401	1109463.269	579979.138	-6.105
gj002402	1109462.765	579981.296	-6.036
gj002403	1109462.113	579983.412	-5.981
gj002404	1109461.39	579985.517	-5.901
gj002405	1109460.535	579987.555	-5.931
gj002406	1109459.59	579989.556	-6.057
gj002407	1109458.643	579991.531	-5.919
gj002408	1109457.626	579993.426	-5.619
gj002409	1109456.602	579995.268	-5.538
gj002410	1109455.599	579997.019	-5.66
gj002411	1109454.393	579998.992	-5.287
gj002412	1109453.197	580000.853	-5.088
gj002413	1109451.987	580002.611	-4.788
gj002414	1109450.782	580004.283	-4.456
gj002415	1109449.514	580005.838	-4.09
gj002416	1109447.925	580007.445	-3.957
gj002417	1109446.257	580008.776	-3.757
gj002418	1109444.535	580009.799	-3.503
gj002419	1109442.591	580010.533	-3.199
gj002420	1109440.556	580010.819	-2.819
gj002421	1109438.568	580010.577	-2.889
gj002422	1109436.668	580009.67	-3.201
gj002423	1109435.174	580008.078	-3.541
gj002424	1109434.238	580006.279	-4.045
gj002425	1109433.457	580004.06	-4.574
gj002426	1109432.764	580001.948	-5.13
gj002427	1109432.146	580000.017	-5.423
gj002428	1109431.524	579997.931	-5.622
gj002429	1109430.946	579995.714	-5.795
gj002430	1109430.371	579993.441	-5.923
gj002431	1109429.839	579991.122	-5.9
gj002432	1109429.351	579988.761	-5.878
gj002433	1109428.891	579986.428	-5.93
gj002434	1109428.473	579984.127	-6.004
gj002435	1109428.1	579981.85	-6.066
gj002436	1109427.743	579979.586	-6.12
gj002437	1109427.395	579977.352	-6.204
gj002438	1109427.06	579975.125	-6.324
gj002439	1109426.741	579972.899	-6.455
gj002440	1109426.443	579970.664	-6.425
gj002441	1109426.16	579968.428	-6.628
gj002442	1109425.88	579966.197	-6.728
gj002443	1109425.594	579963.98	-7.005
gj002444	1109425.308	579961.771	-6.952
gj002445	1109425.011	579959.571	-7.035
gj002446	1109424.674	579957.398	-7.197
gj002447	1109424.269	579955.276	-7.315
gj002448	1109423.807	579953.211	-7.447
gj002449	1109423.264	579951.208	-7.318
gj002450	1109422.644	579949.248	-7.07
gj002451	1109421.781	579947.041	-6.698
gj002452	1109420.796	579945.208	-6.325
gj002453	1109419.516	579943.557	-5.767
gj002454	1109417.89	579942.168	-5.296
gj002455	1109415.982	579941.252	-4.687
gj002456	1109413.852	579940.997	-4.642
gj002457	1109411.814	579941.465	-4.694
gj002458	1109410.075	579942.616	-5.673
gj002459	1109408.807	579944.322	-6.255
gj002460	1109408.217	579946.39	-6.618
gj002461	1109408.296	579948.479	-6.85
gj002462	1109408.835	579950.67	-6.999
gj002463	1109409.487	579952.61	-7.053
gj002464	1109410.219	579954.822	-7.215
gj002465	1109410.862	579956.806	-7.144
gj002466	1109411.515	579958.892	-7.05
gj002467	1109412.202	579961.043	-7.024
gj002468	1109412.907	579963.26	-6.802
gj002469	1109413.554	579965.545	-6.707
gj002470	1109414.162	579967.871	-6.593
gj002471	1109414.723	579970.233	-6.469
gj002472	1109415.276	579972.606	-6.313
gj002473	1109415.83	579974.978	-6.272
gj002474	1109416.438	579977.355	-6.22
gj002475	1109417.086	579979.724	-6.191
gj002476	1109417.772	579982.112	-6.07
gj002477	1109418.285	579984.055	-5.984
gj002478	1109418.748	579986.017	-5.942
gj002479	1109419.234	579988.462	-5.871
gj002480	1109419.67	579990.873	-5.817
gj002481	1109420.051	579993.259	-5.704
gj002482	1109420.378	579995.611	-5.596
gj002483	1109420.599	579997.863	-5.404
gj002484	1109420.669	580000.007	-5.414
gj002485	1109420.621	580002.036	-5.15
gj002486	1109420.352	580004.287	-4.727
gj002487	1109419.87	580006.252	-4.151
gj002488	1109419.116	580008.127	-3.92
gj002489	1109417.958	580009.943	-3.282
gj002490	1109416.306	580011.355	-2.493
gj002491	1109414.381	580012.012	-2.142
gj002492	1109412.249	580011.977	-2.117
gj002493	1109410.134	580011.195	-2.522
gj002494	1109408.442	580009.882	-3.192
gj002495	1109407.125	580008.274	-3.944
gj002496	1109405.989	580006.224	-4.715
gj002497	1109405.164	580004.172	-5.412
gj002498	1109404.519	580001.877	-5.456
gj002499	1109404.162	579999.804	-5.575
gj002500	1109403.901	579997.642	-5.626
gj002501	1109403.706	579995.427	-5.758
gj002502	1109403.539	579993.147	-5.778
gj002503	1109403.424	579990.793	-5.917
gj002504	1109403.372	579988.392	-5.894
gj002505	1109403.328	579985.982	-6.013
gj002506	1109403.305	579983.565	-6.04
gj002507	1109403.277	579981.144	-6.067
gj002508	1109403.247	579978.723	-6.156
gj002509	1109403.199	579976.303	-6.198
gj002510	1109403.148	579973.876	-6.312
gj002511	1109403.09	579971.45	-6.376
gj002512	1109403.041	579969.019	-6.524
gj002513	1109402.981	579966.602	-6.693
gj002514	1109402.87	579964.209	-6.787
gj002515	1109402.728	579961.824	-6.878
gj002516	1109402.516	579959.486	-6.996
gj002517	1109402.21	579957.198	-6.93
gj002518	1109401.794	579954.972	-6.938
gj002519	1109401.301	579952.767	-6.987
gj002520	1109400.695	579950.631	-6.953
gj002521	1109400.007	579948.573	-6.781
gj002522	1109399.232	579946.633	-6.582
gj002523	1109398.183	579944.513	-6.04
gj002524	1109397.035	579942.78	-5.437
gj002525	1109395.646	579941.313	-4.758
gj002526	1109393.963	579940.14	-4.098
gj002527	1109392.063	579939.362	-3.671
gj002528	1109389.949	579939.109	-3.234
gj002529	1109387.839	579939.431	-4.053
gj002530	1109385.995	579940.225	-4.324
gj002531	1109384.284	579941.615	-5.269
gj002532	1109383.057	579943.359	-5.812
gj002533	1109382.32	579945.275	-6.134
gj002534	1109381.952	579947.249	-6.389
gj002535	1109381.827	579949.438	-6.593
gj002536	1109381.936	579951.849	-6.794
gj002537	1109382.134	579953.99	-6.873
gj002538	1109382.468	579956.196	-6.797
gj002539	1109382.911	579958.474	-6.812
gj002540	1109383.409	579960.819	-6.728
gj002541	1109383.918	579963.242	-6.709
gj002542	1109384.326	579965.201	-6.692
gj002543	1109384.768	579967.178	-6.612
gj002544	1109385.212	579969.166	-6.549
gj002545	1109385.655	579971.172	-6.452
gj002546	1109386.066	579973.195	-6.343
gj002547	1109386.451	579975.223	-6.3
gj002548	1109386.795	579977.264	-6.252
gj002549	1109387.085	579979.291	-6.153
gj002550	1109387.373	579981.294	-6.17
gj002551	1109387.644	579983.281	-6.071
gj002552	1109387.956	579985.733	-6.008
gj002553	1109388.272	579988.147	-5.851
gj002554	1109388.55	579990.5	-5.811
gj002555	1109388.738	579992.798	-5.916
gj002556	1109388.834	579995.034	-5.927
gj002557	1109388.806	579997.193	-5.873
gj002558	1109388.609	579999.244	-5.731
gj002559	1109388.128	580001.438	-5.531
gj002560	1109387.277	580003.542	-5.324
gj002561	1109386.104	580005.413	-4.881
gj002562	1109384.591	580006.934	-4.488
gj002563	1109382.747	580007.972	-4.055
gj002564	1109380.612	580008.332	-3.953
gj002565	1109378.447	580007.794	-4.283
gj002566	1109376.719	580006.658	-4.65
gj002567	1109375.386	580005.164	-5.068
gj002568	1109374.237	580003.25	-5.304
gj002569	1109373.408	580001.236	-5.426
gj002570	1109372.723	579998.923	-5.735
gj002571	1109372.284	579996.807	-6
gj002572	1109371.916	579994.544	-5.851
gj002573	1109371.618	579992.175	-5.824
gj002574	1109371.403	579989.723	-5.798
gj002575	1109371.262	579987.709	-5.838
gj002576	1109371.186	579985.651	-5.931
gj002577	1109371.146	579983.562	-6.09
gj002578	1109371.115	579981.476	-6.105
gj002579	1109371.106	579979.387	-6.177
gj002580	1109371.1	579977.283	-6.35
gj002581	1109371.102	579975.172	-6.43
gj002582	1109371.095	579973.059	-6.455
gj002583	1109371.115	579970.945	-6.501
gj002584	1109371.109	579968.835	-6.565
gj002585	1109371.101	579966.728	-6.675
gj002586	1109371.068	579964.638	-6.71
gj002587	1109371.008	579962.557	-6.724
gj002588	1109370.912	579960.48	-6.702
gj002589	1109370.811	579958.4	-6.72
gj002590	1109370.669	579956.351	-6.698
gj002591	1109370.503	579954.341	-6.681
gj002592	1109370.22	579951.92	-6.479
gj002593	1109369.811	579949.646	-6.074
gj002594	1109369.294	579947.572	-5.971
gj002595	1109368.609	579945.66	-5.846
gj002596	1109367.607	579943.667	-5.467
gj002597	1109366.289	579941.903	-4.721
gj002598	1109364.56	579940.449	-3.858
gj002599	1109362.699	579939.498	-3.249
gj002600	1109360.713	579938.981	-2.464
gj002601	1109358.707	579938.903	-2.491
gj002602	1109356.649	579939.404	-3.097
gj002603	1109354.877	579940.429	-3.72
gj002604	1109353.452	579942.012	-4.528
gj002605	1109352.403	579944.05	-5.812
gj002606	1109351.732	579945.995	-6.181
gj002607	1109351.127	579948.265	-6.599
gj002608	1109350.719	579950.332	-6.607
gj002609	1109350.403	579952.513	-6.605
gj002610	1109350.193	579954.776	-6.443
gj002611	1109350.085	579957.119	-6.462
gj002612	1109350.043	579959.534	-6.582
gj002613	1109350.033	579962.013	-6.626
gj002614	1109350.031	579964.025	-6.596
gj002615	1109350.041	579966.058	-6.515
gj002616	1109350.061	579968.102	-6.608
gj002617	1109350.1	579970.158	-6.565
gj002618	1109350.13	579972.232	-6.516
gj002619	1109350.186	579974.303	-6.424
gj002620	1109350.287	579976.364	-6.283
gj002621	1109350.414	579978.415	-6.301
gj002622	1109350.563	579980.485	-6.132
gj002623	1109350.671	579982.576	-5.902
gj002624	1109350.746	579984.677	-5.851
gj002625	1109350.779	579986.767	-5.89
gj002626	1109350.808	579988.813	-5.849
gj002627	1109350.863	579991.289	-5.767
gj002628	1109350.907	579993.712	-5.8
gj002629	1109350.901	579996.095	-5.712
gj002630	1109350.819	579998.422	-5.554
gj002631	1109350.623	580000.689	-5.416
gj002632	1109350.256	580002.855	-5.164
gj002633	1109349.687	580004.86	-4.994
gj002634	1109348.781	580006.962	-5.009
gj002635	1109347.671	580008.659	-4.75
gj002636	1109346.257	580010.155	-3.862
gj002637	1109344.548	580011.292	-3.26
gj002638	1109342.42	580011.976	-3.053
gj002639	1109340.379	580012.024	-3.265
gj002640	1109338.315	580011.535	-3.583
gj002641	1109336.387	580010.547	-4.721
gj002642	1109334.741	580009.063	-4.973
gj002643	1109333.598	580007.417	-4.989
gj002644	1109332.761	580005.486	-5.051
gj002645	1109332.248	580003.539	-4.93
gj002646	1109331.896	580001.329	-5.089
gj002647	1109331.768	579999.301	-5.309
gj002648	1109331.787	579997.141	-5.542
gj002649	1109331.947	579994.901	-5.837
gj002650	1109332.177	579992.605	-5.794
gj002651	1109332.477	579990.244	-5.855
gj002652	1109332.825	579987.804	-5.903
gj002653	1109333.158	579985.34	-5.951
gj002654	1109333.514	579982.865	-6.081
gj002655	1109333.783	579980.853	-6.235
gj002656	1109334.066	579978.829	-6.317
gj002657	1109334.343	579976.801	-6.426
gj002658	1109334.62	579974.763	-6.425
gj002659	1109334.876	579972.733	-6.416
gj002660	1109335.124	579970.696	-6.474
gj002661	1109335.364	579968.652	-6.51
gj002662	1109335.522	579966.655	-6.476
gj002663	1109335.658	579964.232	-6.453
gj002664	1109335.672	579961.843	-6.53
gj002665	1109335.553	579959.528	-6.464
gj002666	1109335.316	579957.294	-6.433
gj002667	1109334.913	579955.142	-6.426
gj002668	1109334.347	579953.177	-6.558
gj002669	1109333.453	579951.067	-6.575
gj002670	1109332.3	579949.212	-6.47
gj002671	1109330.96	579947.704	-6.414
gj002672	1109329.23	579946.415	-6.331
gj002673	1109327.248	579945.492	-6.305
gj002674	1109325.189	579945.005	-6.071
gj002675	1109323.04	579945.048	-6.22
gj002676	1109320.94	579945.822	-6.215
gj002677	1109319.355	579947.113	-6.204
gj002678	1109318.027	579948.873	-6.247
gj002679	1109317.049	579950.735	-6.175
gj002680	1109316.26	579952.808	-6.241
gj002681	1109315.635	579955.062	-6.52
gj002682	1109315.192	579957.48	-6.566
gj002683	1109314.972	579959.509	-6.621
gj002684	1109314.815	579961.602	-6.529
gj002685	1109314.734	579963.744	-6.414
gj002686	1109314.676	579965.912	-6.331
gj002687	1109314.605	579968.09	-6.37
gj002688	1109314.564	579970.281	-6.249
gj002689	1109314.522	579972.446	-6.319
gj002690	1109314.516	579974.591	-6.341
gj002691	1109314.539	579976.714	-6.345
gj002692	1109314.576	579978.821	-6.294
gj002693	1109314.619	579980.914	-6.252
gj002694	1109314.676	579983.007	-6.163
gj002695	1109314.696	579985.091	-6.083
gj002696	1109314.713	579987.179	-6.006
gj002697	1109314.721	579989.251	-5.786
gj002698	1109314.741	579991.312	-5.746
gj002699	1109314.779	579993.357	-5.736
gj002700	1109314.814	579995.386	-5.78
gj002701	1109314.821	579997.405	-5.792
gj002702	1109314.761	579999.407	-5.728
gj002703	1109314.539	580001.856	-5.459
gj002704	1109314.107	580004.172	-5.065
gj002705	1109313.438	580006.279	-4.752
gj002706	1109312.538	580008.11	-4.424
gj002707	1109311.252	580009.939	-3.913
gj002708	1109309.778	580011.364	-3.717
gj002709	1109307.897	580012.518	-3.334
gj002710	1109305.901	580013.169	-3.065
gj002711	1109303.826	580013.328	-2.823
gj002712	1109301.764	580013.002	-2.83
gj002713	1109299.803	580012.187	-3.052
gj002714	1109298.053	580010.907	-3.464
gj002715	1109296.628	580009.196	-4.275
gj002716	1109295.739	580007.392	-4.741
gj002717	1109295.126	580005.311	-5.079
gj002718	1109294.729	580002.953	-5.406
gj002719	1109294.437	580000.822	-5.363
gj002720	1109294.227	579998.553	-5.506
gj002721	1109294.068	579996.195	-5.782
gj002722	1109294.01	579993.762	-5.809
gj002723	1109293.99	579991.296	-5.913
gj002724	1109293.972	579988.804	-5.883
gj002725	1109293.937	579986.776	-6.026
gj002726	1109293.905	579984.714	-6.116
gj002727	1109293.85	579982.63	-6.179
gj002728	1109293.78	579980.55	-6.201
gj002729	1109293.679	579978.466	-6.3
gj002730	1109293.519	579976.403	-6.271
gj002731	1109293.331	579974.354	-6.206
gj002732	1109293.114	579972.325	-6.145
gj002733	1109292.851	579970.313	-6.212
gj002734	1109292.527	579968.321	-6.327
gj002735	1109292.159	579966.348	-6.391
gj002736	1109291.636	579963.951	-6.5
gj002737	1109291.041	579961.659	-6.656
gj002738	1109290.327	579959.459	-6.64
gj002739	1109289.535	579957.345	-6.727
gj002740	1109288.681	579955.337	-6.578
gj002741	1109287.765	579953.428	-6.397
gj002742	1109286.765	579951.623	-6.211
gj002743	1109285.463	579949.679	-5.929
gj002744	1109284.038	579947.938	-5.61
gj002745	1109282.484	579946.321	-5.092
gj002746	1109280.893	579944.978	-4.659
gj002747	1109279.098	579943.914	-4.388
gj002748	1109277.141	579943.353	-4.083
gj002749	1109275.049	579943.38	-4.018
gj002750	1109273.02	579944.11	-4.356
gj002751	1109271.489	579945.396	-4.756
gj002752	1109270.261	579947.277	-5.316
gj002753	1109269.394	579949.406	-5.76
gj002754	1109268.879	579951.502	-6.277
gj002755	1109268.657	579953.759	-6.651
gj002756	1109268.651	579955.776	-6.964
gj002757	1109268.823	579957.884	-6.99
gj002758	1109269.116	579960.096	-6.898
gj002759	1109269.514	579962.403	-6.789
gj002760	1109269.992	579964.775	-6.634
gj002761	1109270.566	579967.189	-6.49
gj002762	1109271.213	579969.604	-6.274
gj002763	1109271.74	579971.547	-6.311
gj002764	1109272.255	579973.514	-5.982
gj002765	1109272.765	579975.489	-6.037
gj002766	1109273.274	579977.464	-6.017
gj002767	1109273.772	579979.45	-5.932
gj002768	1109274.259	579981.45	-5.846
gj002769	1109274.723	579983.439	-5.77
gj002770	1109275.179	579985.41	-5.701
gj002771	1109275.721	579987.83	-5.823
gj002772	1109276.291	579990.213	-5.772
gj002773	1109276.851	579992.522	-5.685
gj002774	1109277.387	579994.739	-5.578
gj002775	1109277.847	579996.892	-5.541
gj002776	1109278.187	579998.982	-5.416
gj002777	1109278.364	580000.982	-5.272
gj002778	1109278.347	580003.202	-5.38
gj002779	1109278.123	580005.201	-5.236
gj002780	1109277.643	580007.306	-4.947
gj002781	1109276.931	580009.181	-4.555
gj002782	1109275.841	580010.969	-4.097
gj002783	1109274.38	580012.478	-3.598
gj002784	1109272.554	580013.588	-3.245
gj002785	1109270.377	580014.116	-3.044
gj002786	1109268.271	580014.055	-3.092
gj002787	1109266.322	580013.575	-3.315
gj002788	1109264.419	580012.661	-3.608
gj002789	1109262.692	580011.324	-4.159
gj002790	1109261.193	580009.597	-4.554
gj002791	1109260.073	580007.844	-4.979
gj002792	1109259.089	580005.874	-5.139
gj002793	1109258.256	580003.687	-5.24
gj002794	1109257.655	580001.734	-5.075
gj002795	1109257.187	579999.655	-5.133
gj002796	1109256.839	579997.505	-5.378
gj002797	1109256.599	579995.276	-5.445
gj002798	1109256.494	579992.984	-5.56
gj002799	1109256.469	579990.653	-5.472
gj002800	1109256.523	579988.287	-5.491
gj002801	1109256.613	579985.899	-5.523
gj002802	1109256.73	579983.48	-5.549
gj002803	1109256.892	579981.047	-5.64
gj002804	1109257.063	579978.612	-5.777
gj002805	1109257.266	579976.186	-5.754
gj002806	1109257.5	579973.793	-5.844
gj002807	1109257.751	579971.447	-6.047
gj002808	1109258.012	579969.151	-6.428
gj002809	1109258.25	579966.903	-6.579
gj002810	1109258.481	579964.691	-6.658
gj002811	1109258.675	579962.531	-6.802
gj002812	1109258.828	579960.425	-6.94
gj002813	1109258.9	579958.42	-6.9
gj002814	1109258.829	579956.227	-6.957
gj002815	1109258.569	579953.953	-6.996
gj002816	1109258.065	579951.76	-6.307
gj002817	1109257.285	579949.826	-5.912
gj002818	1109256.074	579948.03	-5.457
gj002819	1109254.514	579946.732	-5.1
gj002820	1109252.506	579946.014	-4.815
gj002821	1109250.412	579946.209	-4.879
gj002822	1109248.67	579947.315	-5.286
gj002823	1109247.5	579949.069	-5.569
gj002824	1109246.835	579951.03	-6.111
gj002825	1109246.535	579953.107	-6.503
gj002826	1109246.517	579955.159	-6.773
gj002827	1109246.63	579957.435	-6.936
gj002828	1109246.743	579959.577	-6.931
gj002829	1109246.901	579961.807	-6.832
gj002830	1109247.109	579964.102	-6.593
gj002831	1109247.331	579966.12	-6.527
gj002832	1109247.554	579968.185	-6.329
gj002833	1109247.769	579970.284	-6.065
gj002834	1109247.969	579972.409	-5.836
gj002835	1109248.108	579974.564	-5.569
gj002836	1109248.238	579976.76	-5.575
gj002837	1109248.367	579978.995	-5.473
gj002838	1109248.474	579981.26	-5.534
gj002839	1109248.558	579983.543	-5.414
gj002840	1109248.641	579985.855	-5.381
gj002841	1109248.714	579988.19	-5.394
gj002842	1109248.789	579990.54	-5.276
gj002843	1109248.856	579992.907	-5.413
gj002844	1109248.853	579995.284	-5.481
gj002845	1109248.774	579997.617	-5.312
gj002846	1109248.6	579999.847	-5.186
gj002847	1109248.298	580001.954	-4.936
gj002848	1109247.855	580003.913	-4.997
gj002849	1109247.151	580005.966	-5.04
gj002850	1109246.144	580007.973	-5.058
gj002851	1109244.821	580009.722	-4.813
gj002852	1109243.181	580011.091	-4.376
gj002853	1109241.355	580011.996	-3.938
gj002854	1109239.283	580012.537	-3.777
gj002855	1109237.242	580012.731	-3.664
gj002856	1109235.08	580012.556	-3.645
gj002857	1109233.021	580011.895	-3.943
gj002858	1109231.242	580010.824	-4.477
gj002859	1109229.702	580009.388	-5.089
gj002860	1109228.489	580007.768	-5.455
gj002861	1109227.431	580005.823	-5.494
gj002862	1109226.659	580003.893	-5.871
gj002863	1109226.074	580001.751	-5.796
gj002864	1109225.693	579999.784	-5.761
gj002865	1109225.413	579997.694	-5.81
gj002866	1109225.234	579995.505	-5.903
gj002867	1109225.152	579993.218	-5.982
gj002868	1109225.151	579990.852	-6.013
gj002869	1109225.195	579988.828	-6.038
gj002870	1109225.283	579986.765	-6.031
gj002871	1109225.404	579984.665	-6.128
gj002872	1109225.554	579982.54	-6.126
gj002873	1109225.722	579980.391	-6.176
gj002874	1109225.911	579978.227	-6.153
gj002875	1109226.082	579976.056	-6.193
gj002876	1109226.261	579973.878	-6.3
gj002877	1109226.409	579971.701	-6.293
gj002878	1109226.534	579969.529	-6.266
gj002879	1109226.612	579967.384	-6.281
gj002880	1109226.625	579965.279	-6.418
gj002881	1109226.581	579963.192	-6.541
gj002882	1109226.445	579961.152	-6.476
gj002883	1109226.165	579958.8	-6.349
gj002884	1109225.717	579956.608	-6.25
gj002885	1109225.099	579954.564	-6.157
gj002886	1109224.313	579952.705	-6.052
gj002887	1109223.204	579950.827	-5.968
gj002888	1109221.768	579949.138	-5.782
gj002889	1109220.115	579947.822	-5.964
gj002890	1109218.203	579946.759	-5.474
gj002891	1109216.133	579946.052	-5.261
gj002892	1109214.067	579945.807	-5.256
gj002893	1109212.018	579945.993	-5.307
gj002894	1109209.992	579946.636	-5.477
gj002895	1109208.103	579947.826	-5.972
gj002896	1109206.658	579949.333	-6.349
gj002897	1109205.485	579951.236	-6.557
gj002898	1109204.767	579953.134	-6.871
gj002899	1109204.336	579955.236	-6.802
gj002900	1109204.209	579957.491	-6.678
gj002901	1109204.368	579959.868	-6.277
gj002902	1109204.679	579961.964	-5.938
gj002903	1109205.106	579964.144	-6.145
gj002904	1109205.666	579966.384	-6.288
gj002905	1109206.303	579968.685	-6.251
gj002906	1109207.014	579971.036	-6.32
gj002907	1109207.766	579973.416	-6.302
gj002908	1109208.401	579975.331	-6.345
gj002909	1109209.057	579977.261	-6.372
gj002910	1109209.704	579979.209	-6.387
gj002911	1109210.337	579981.174	-6.323
gj002912	1109210.926	579983.15	-6.321
gj002913	1109211.511	579985.121	-6.266
gj002914	1109212.068	579987.095	-6.188
gj002915	1109212.593	579989.081	-6.131
gj002916	1109213.089	579991.057	-6.165
gj002917	1109213.524	579993.01	-6.195
gj002918	1109213.997	579995.421	-6.07
gj002919	1109214.369	579997.781	-5.973
gj002920	1109214.643	580000.094	-5.982
gj002921	1109214.814	580002.353	-5.739
gj002922	1109214.798	580004.541	-5.812
gj002923	1109214.581	580006.603	-5.527
gj002924	1109214.074	580008.848	-5.285
gj002925	1109213.35	580010.81	-4.583
gj002926	1109212.282	580012.675	-3.864
gj002927	1109210.741	580014.338	-3.033
gj002928	1109208.885	580015.482	-2.83
gj002929	1109206.759	580016.065	-2.596
gj002930	1109204.743	580016.165	-2.581
gj002931	1109202.558	580015.861	-2.712
gj002932	1109200.615	580015.25	-2.913
gj002933	1109198.709	580014.317	-3.275
gj002934	1109196.974	580013.035	-3.992
gj002935	1109195.506	580011.442	-4.754
gj002936	1109194.356	580009.582	-5.365
gj002937	1109193.46	580007.498	-5.773
gj002938	1109192.841	580005.206	-6.005
gj002939	1109192.484	580003.174	-6.168
gj002940	1109192.285	580001.022	-6.271
gj002941	1109192.171	579998.796	-6.216
gj002942	1109192.181	579996.491	-6.318
gj002943	1109192.314	579994.118	-6.404
gj002944	1109192.574	579991.704	-6.481
gj002945	1109192.932	579989.263	-6.377
gj002946	1109193.293	579987.285	-6.393
gj002947	1109193.685	579985.299	-6.394
gj002948	1109194.099	579983.329	-6.369
gj002949	1109194.493	579981.358	-6.442
gj002950	1109194.886	579979.374	-6.476
gj002951	1109195.269	579977.378	-6.357
gj002952	1109195.657	579975.368	-6.292
gj002953	1109196.016	579973.365	-6.204
gj002954	1109196.336	579971.379	-6.169
gj002955	1109196.658	579968.909	-6.198
gj002956	1109196.917	579966.439	-6.252
gj002957	1109197.106	579963.984	-6.185
gj002958	1109197.203	579961.593	-6.268
gj002959	1109197.181	579959.303	-6.671
gj002960	1109197.011	579957.183	-6.821
gj002961	1109196.593	579954.851	-6.854
gj002962	1109195.941	579952.734	-6.599
gj002963	1109194.946	579950.684	-6.134
gj002964	1109193.548	579948.903	-5.649
gj002965	1109191.815	579947.556	-5.167
gj002966	1109189.966	579946.744	-4.72
gj002967	1109187.796	579946.227	-4.333
gj002968	1109185.74	579946.036	-4.05
gj002969	1109183.53	579946.063	-3.868
gj002970	1109181.201	579946.333	-3.738
gj002971	1109179.01	579946.889	-3.846
gj002972	1109177.134	579947.765	-4.292
gj002973	1109175.389	579949.159	-5.03
gj002974	1109174.081	579950.889	-5.491
gj002975	1109173.122	579952.952	-6.031
gj002976	1109172.569	579954.983	-6.065
gj002977	1109172.279	579957.219	-6.585
gj002978	1109172.238	579959.596	-6.881
gj002979	1109172.367	579961.687	-6.811
gj002980	1109172.607	579963.86	-6.545
gj002981	1109172.955	579966.098	-6.452
gj002982	1109173.385	579968.391	-6.264
gj002983	1109173.867	579970.732	-6.199
gj002984	1109174.417	579973.1	-6.134
gj002985	1109175.056	579975.457	-6.193
gj002986	1109175.777	579977.811	-6.302
gj002987	1109176.39	579979.716	-6.407
gj002988	1109177.007	579981.646	-6.491
gj002989	1109177.626	579983.588	-6.605
gj002990	1109178.254	579985.53	-6.47
gj002991	1109178.884	579987.478	-6.52
gj002992	1109179.52	579989.435	-6.508
gj002993	1109180.133	579991.363	-6.508
gj002994	1109180.9	579993.591	-6.575
gj002995	1109181.725	579995.577	-6.409
gj002996	1109182.834	579997.662	-6.332
gj002997	1109184.064	579999.447	-6.317
gj002998	1109185.4	580000.951	-6.253
gj002999	1109187.078	580002.393	-6.245
gj003000	1109188.919	580003.62	-6.162
gj003001	1109190.818	580004.568	-6.069
gj003002	1109193.014	580005.389	-5.945
gj003003	1109195.041	580005.963	-6.006
gj003004	1109197.195	580006.432	-6.161
gj003005	1109199.464	580006.801	-6.29
gj003006	1109201.75	580007.066	-6.279
gj003007	1109204.015	580007.234	-6.02
gj003008	1109206.239	580007.309	-5.999
gj003009	1109208.426	580007.329	-5.965
gj003010	1109210.582	580007.29	-5.962
gj003011	1109212.731	580007.218	-5.531
gj003012	1109214.879	580007.114	-5.377
gj003013	1109217.023	580007	-5.448
gj003014	1109219.173	580006.878	-5.624
gj003015	1109221.326	580006.749	-5.479
gj003016	1109223.484	580006.62	-5.19
gj003017	1109225.647	580006.503	-5.539
gj003018	1109227.812	580006.397	-5.488
gj003019	1109229.98	580006.316	-5.765
gj003020	1109232.146	580006.263	-5.495
gj003021	1109234.316	580006.239	-5.535
gj003022	1109236.484	580006.238	-5.552
gj003023	1109238.637	580006.277	-5.417
gj003024	1109240.78	580006.34	-5.396
gj003025	1109242.907	580006.394	-5.171
gj003026	1109245.031	580006.464	-5.131
gj003027	1109247.133	580006.519	-5.062
gj003028	1109249.231	580006.531	-4.96
gj003029	1109251.323	580006.531	-4.935
gj003030	1109253.4	580006.495	-4.874
gj003031	1109255.47	580006.455	-5.052
gj003032	1109257.474	580006.437	-5.013
gj003033	1109259.778	580006.497	-5.106
gj003034	1109261.933	580006.667	-5.073
gj003035	1109264.221	580006.993	-5.161
gj003036	1109266.258	580007.398	-5.1
gj003037	1109268.334	580007.906	-4.998
gj003038	1109270.288	580008.529	-4.86
gj003039	1109272.319	580009.382	-4.583
gj003040	1109274.134	580010.368	-4.459
gj003041	1109275.901	580011.633	-3.801
gj003042	1109277.338	580013.026	-3.253
